,vehicle_type,public_vehicle_number,status,vehicle_fuel_source,wheelchair_accessible,company_name,address,city,state,zip_code,record_id,vehicle_make,vehicle_model,vehicle_model_year,vehicle_color,taxi_affiliation,taxi_medallion_license_management
0,Taxi,6986,INACTIVE,Gasoline,N,CITY OF CHICAGO BACP,2350 W. OGDEN AVE.,CHICAGO,IL,60608,6986Taxi,,,,,,
1,Taxi,6848,INACTIVE,Gasoline,N,CITY OF CHICAGO BACP,2350 W. OGDEN AVE.,CHICAGO,IL,60608,6848Taxi,,,,,,
2,Taxi,6982,INACTIVE,Gasoline,N,CITY OF CHICAGO BACP,2350 W. OGDEN AVE.,CHICAGO,IL,60608,6982Taxi,,,,,,
3,Charter Sightseeing,21225,ACTIVE,Gasoline,N,"EMPEROR LIMOUSINE AND PARTY BUS, LLC",5 E. 14TH PL.,CHICAGO,IL,60605,21225Charter Sightseeing,FREIGHTLINER,FB65,2003,WHITE,,
4,Charter Sightseeing,16834,ACTIVE,Gasoline,N,"TRT TRANSPORTATION, INC.",4400 S. RACINE AVE.,CHICAGO,IL,60609,16834Charter Sightseeing,VAN HOOL,TD925,2012,RED,,
5,Charter Sightseeing,19801,ACTIVE,Gasoline,N,DIRECT LIMO SERVICE INC,5550 N. ELSTON AVE.,CHICAGO,IL,60630,19801Charter Sightseeing,FORD,TRANSIT BUS,2017,BLACK,,
6,Taxi,6610,VIOLATION,Hybrid,N,CHICAGO POLO I INC.,2617 S. WABASH AVE.,CHICAGO,IL,60616,6610Taxi,FORD,ESCAPE,2012,WHITE,DIS-AFFILIATED,Chicago Elite Cab Corp.
7,Pedicab,125,ACTIVE,Pedal,N,"AUSTIN PEDICAB COMPANY, LLC",1015 N. HALSTED ST.,CHICAGO,IL,60642,125Pedicab,MAINSTREET,BROADWAY,2014,BLUE,,
8,Taxi,1141,ACTIVE,Gasoline,N,LAKESIDE 822 INC,3800 N. MILWAUKEE AVE.,CHICAGO,IL,60641,1141Taxi,TOYOTA,SIENNA,2020,YELLOW,Yellow Cab Association,Owner-Operator
9,Charter Sightseeing,21226,ACTIVE,Gasoline,N,"EMPEROR LIMOUSINE AND PARTY BUS, LLC",5 E. 14TH PL.,CHICAGO,IL,60605,21226Charter Sightseeing,FREIGHTLINER,FB65,2002,WHITE,,
10,Taxi,2600,SURRENDER,Gasoline,N,SHAH EXPRESS INC,2601 W. PETERSON AVE.,CHICAGO,IL,60659,2600Taxi,TOYOTA,COROLLA,2015,WHITE,DIS-AFFILIATED,Owner-Operator
11,Medicar,19693,ACTIVE,Gasoline,N,NATIONAL QUALITY TRANSPORTATION INC,2004 W. ERIE ST.,CHICAGO,IL,60612,19693Medicar,CHEVROLET,G2500,2013,WHITE,,
12,Charter Sightseeing,21227,ACTIVE,Gasoline,N,"EMPEROR LIMOUSINE AND PARTY BUS, LLC",5 E. 14TH PL.,CHICAGO,IL,60605,21227Charter Sightseeing,FREIGHTLINER,FB65,2002,WHITE,,
13,Taxi,2393,SURRENDER,Flex Fuel,Y,JUHI INC,9696 W. FOSTER AVE.,CHICAGO,IL,60656,2393Taxi,DODGE,CARAVAN,2016,WHITE,Flash Cab Co,Owner Manager
14,Taxi,2823,SURRENDER,Hybrid,N,LEE EXPRESS INC,4626 W. CORNELIA AVE.,CHICAGO,IL,60641,2823Taxi,TOYOTA,CAMRY,2020,BLUE/WHITE,Sun Taxi Association Inc,"Sun Financial Services, Inc."
15,Taxi,3171,FORECLOSURE,Hybrid,N,BROOME TAXI LLC,4536 N. ELSTON AVE.,CHICAGO,IL,60630,3171Taxi,TOYOTA,PRIUS,2014,BLUE,NORTHSTAR AFFILIATION,Star North Management LLC
16,Pedicab,127,ACTIVE,Pedal,N,"AUSTIN PEDICAB COMPANY, LLC",1015 N. HALSTED ST.,CHICAGO,IL,60642,127Pedicab,MAINSTREET,BROADWAY,2005,BLACK,,
17,Livery,8212,ACTIVE,Gasoline,N,SUMAYA LIMO INC.,5550 N. ELSTON AVE.,CHICAGO,IL,60630,8212Livery,LINCOLN,MKT,2019,BLACK,,
18,Livery,8847,INACTIVE,Gasoline,N,ALLIANCE  LIMO INC.,4740 N. CUMBERLAND AVE.,CHICAGO,IL,60656,8847Livery,LINCOLN,MKT,2013,BLACK,,
19,Livery,7529,INACTIVE,Gasoline,N,JAMAL AND SONS INC,5519 N. CUMBERLAND AVE.,CHICAGO,IL,60656,7529Livery,CADILLAC,XTS,2016,BLACK,,
20,Charter Sightseeing,12259,INACTIVE,Gasoline,N,CLUB CHITOWN LIMOUSINE INC,40 E. CHICAGO AVE.,CHICAGO,IL,60611,12259Charter Sightseeing,FORD,EXPEDITION,2007,WHITE,,
21,Medicar,6759,INACTIVE,Gasoline,N,Joiner Enterprises Inc,7650 S. YATES BLVD.,CHICAGO,IL,60649,6759Medicar,FORD,E150,2007,WHITE,,
22,Livery,8787,ACTIVE,Gasoline,N,Executive City Limo Inc.,2045 N. WESTERN AVE.,CHICAGO,IL,60647,8787Livery,CHEVROLET,SUBURBAN,2016,BLACK,,
23,Taxi,321,ACTIVE,Hybrid,N,MR TAXI 2 INC,3800 N. MILWAUKEE AVE.,CHICAGO,IL,60641,321Taxi,TOYOTA,PRIUS,2015,YELLOW,Yellow Cab Association,Owner Manager
24,Taxi,415,SURRENDER,Hybrid,N,TAIDEEN INC,3800 N. MILWAUKEE AVE.,CHICAGO,IL,60641,415Taxi,TOYOTA,CAMRY,2013,CREAM/BLUE,Blue Diamond Taxi Affil Inc,Owner Manager
25,Taxi,1093,SURRENDER,Compressed Natural Gas,Y,YC18 LLC,3800 N. MILWAUKEE AVE.,CHICAGO,IL,60641,1093Taxi,VPG,MV-1,2012,YELLOW,Yellow Cab Association,"Taxi Works, LLC"
26,Livery,7557,ACTIVE,Gasoline,N,"STREAMLINE EXECUTIVE COACH, LLC.",212 E. CULLERTON ST.,CHICAGO,IL,60616,7557Livery,INFINITI,QX60,2018,BLACK,,
27,Taxi,1835,FORECLOSURE,Hybrid,N,SUNNY ISLES METRO LLC,9696 W. FOSTER AVE.,CHICAGO,IL,60656,1835Taxi,TOYOTA,CAMRY,2013,WHITE,DIS-AFFILIATED,"Chicago Medallion Management, Corp."
28,Taxi,2538,VIOLATION,Hybrid,N,TEL AVIV CAB CORP.,2617 S. WABASH AVE.,CHICAGO,IL,60616,2538Taxi,FORD,ESCAPE,2012,WHITE,DIS-AFFILIATED,Chicago Elite Cab Corp.
29,Ambulance,5510,ACTIVE,Gasoline,N,"SUPERIOR AIR-GROUND AMBULANCE SERVICE, INC.",395 W. LAKE ST.,ELMHURST,IL,60126,5510Ambulance,MERCEDES,SPRINTER,2012,ORANGE/WHITE,,
30,Medicar,7017,INACTIVE,Gasoline,N,"SPECIALTY NEEDS TRANSPORTATION, INC.",8400 W. 183RD PL.,TINLEY PARK,IL,60487,7017Medicar,FORD,E150,2009,WHITE,,
31,Livery,8834,RESERVED,Gasoline,N,"TUDOR'S TRANSPORTATION SERVICE, LLC",5516 N. LINDER AVE.,CHICAGO,IL,60630,8834Livery,TOYOTA,SIENNA,2018,BLACK,,
32,Charter Sightseeing,19171,INACTIVE,Gasoline,N,Hyde Enterprise LLC,711 E. 40TH ST.,CHICAGO,IL,60653,19171Charter Sightseeing,MERCEDES,SPRINTER,2017,BLACK,,
33,Taxi,2746,SURRENDER,Hybrid,N,"MIDWEST CAB CO, INC",4020 W. GLENLAKE AVE.,CHICAGO,IL,60646,2746Taxi,TOYOTA,CAMRY,2013,BLUE/WHITE,Koam Taxi Association,Owner Manager
34,Taxi,1411,SURRENDER,Hybrid,N,DESZY CORP.,3800 N. MILWAUKEE AVE.,CHICAGO,IL,60641,1411Taxi,TOYOTA,RAV4,2017,WHITE,DIS-AFFILIATED,Owner-Operator
35,Taxi,4080,VIOLATION,Hybrid,N,"LUCKY SEVEN CHICAGO, INC.",2617 S. WABASH AVE.,CHICAGO,IL,60616,4080Taxi,FORD,ESCAPE,2012,MAROON/GOLD/STRIPES,Royal 3 Ccc Chicago Taxi Assoc,Chicago Elite Cab Corp.
36,Taxi,1142,VIOLATION,Hybrid,N,G & N TAXI CO,3800 N. MILWAUKEE AVE.,CHICAGO,IL,60641,1142Taxi,TOYOTA,CAMRY,2014,YELLOW,Yellow Cab Association,Owner Manager
37,Taxi,3514,SURRENDER,Hybrid,N,NEW DIAMOND JUBILEE INC,2601 W. PETERSON AVE.,CHICAGO,IL,60659,3514Taxi,TOYOTA,CAMRY,2014,WHITE,DIS-AFFILIATED,Owner Manager
38,Charter Sightseeing,15378,INACTIVE,Gasoline,N,CHICAGO BUS RENTAL INC,1 S. DEARBORN ST.,CHICAGO,IL,60603,15378Charter Sightseeing,FREIGHLINE,M LINE SHUTTLE BUS,2014,WHITE,,
39,Charter Sightseeing,13153,INACTIVE,Gasoline,N,ARIES SHUTTLE CHICAGO LLC,621 S. KOLMAR AVE.,CHICAGO,IL,60624,13153Charter Sightseeing,FORD,E350,2008,WHITE,,
40,Medicar,15642,ACTIVE,Gasoline,N,ALC MEDICAL TRANSPORTATION,8645 S. CREGIER AVE.,CHICAGO,IL,60617,15642Medicar,DODGE,GRAND CARAVAN,2005,RED,,
41,Taxi,934,SURRENDER,Gasoline,Y,TAXI ME INC,4301 W. MONTROSE AVE.,CHICAGO,IL,60641,934Taxi,TOYOTA,SIENNA,2018,ORANGE,WOLLEY TAXI,Owner Manager
42,Charter Sightseeing,19195,ACTIVE,Gasoline,N,CHRISTOPHER M RADKOWSKI,111 W. WACKER DR.,CHICAGO,IL,60601,19195Charter Sightseeing,MERCEDES,SPRINTER,2016,BLACK,,
43,Ambulance,721335,ACTIVE,Gasoline,N,"SUPERIOR AIR-GROUND AMBULANCE SERVICE, INC.",395 W. LAKE ST.,ELMHURST,IL,60126,721335Ambulance,MERCEDES,SPRINTER,2016,WHITE,,
44,Ambulance,721337,ACTIVE,Gasoline,N,"SUPERIOR AIR-GROUND AMBULANCE SERVICE, INC.",395 W. LAKE ST.,ELMHURST,IL,60126,721337Ambulance,MERCEDES,SPRINTER,2016,WHITE,,
45,Pedicab,128,ACTIVE,Pedal,N,"AUSTIN PEDICAB COMPANY, LLC",1015 N. HALSTED ST.,CHICAGO,IL,60642,128Pedicab,MAINSTREET,CLASSIC,2008,RED,,
46,Taxi,2564,VIOLATION,Hybrid,N,DEB CAB CO,3800 N. MILWAUKEE AVE.,CHICAGO,IL,60641,2564Taxi,TOYOTA,CAMRY,2013,YELLOW,Yellow Cab Association,Owner Manager
47,Charter Sightseeing,9358,INACTIVE,Gasoline,N,CHICAGO MINIBUS TRAVEL INC.,9740 W. FOSTER,CHIICAGO,IL,60018,9358Charter Sightseeing,CHEVROLET,ELDORADO BUS,2005,WHITE,,
48,Ambulance,721479,ACTIVE,Gasoline,N,"SUPERIOR AIR-GROUND AMBULANCE SERVICE, INC.",395 W. LAKE ST.,ELMHURST,IL,60126,721479Ambulance,MERCEDES,SPRINTER,2016,WHITE,,
49,Taxi,3524,SURRENDER,Hybrid,N,EAJJU INC.,2601 W. PETERSON AVE.,CHICAGO,IL,60659,3524Taxi,TOYOTA,CAMRY,2013,WHITE,City Service Taxi Association,Owner Manager
50,Medicar,21747,ACTIVE,Gasoline,N,JANAY P. GAUSE,8436 S. BENNETT AVE.,CHICAGO,IL,60617,21747Medicar,DODGE,GRAND CARAVAN,2019,DARK GRAY,,
51,Charter Sightseeing,21229,ACTIVE,Gasoline,N,"EMPEROR LIMOUSINE AND PARTY BUS, LLC",5 E. 14TH PL.,CHICAGO,IL,60605,21229Charter Sightseeing,FREIGHTLINER,FB65,2003,WHITE,,
52,Livery,8625,ACTIVE,Gasoline,N,"ROYAL TRANS LIMO INC.,",5550 N. ELSTON AVE.,CHICAGO,IL,60630,8625Livery,LINCOLN,CONTINENTAL,2018,BLACK,,
53,Charter Sightseeing,19169,ACTIVE,Gasoline,N,XL TRANSPORTATION LTD,6210 S. INGLESIDE AVE.,CHICAGO,IL,60637,19169Charter Sightseeing,MERCEDES,SPRINTER,2017,BLACK,,
54,Taxi,1219,VIOLATION,Hybrid,N,"TUDOR CITY HOLDINGS, INC.",3800 N. MILWAUKEE AVE.,CHICAGO,IL,60641,1219Taxi,TOYOTA,PRIUS,2014,YELLOW,Yellow Cab Association,"Taxi Medallion Management, LLC"
55,Charter Sightseeing,16450,INACTIVE,Gasoline,N,CHICAGO BUS RENTAL INC,1 S. DEARBORN ST.,CHICAGO,IL,60603,16450Charter Sightseeing,FORD,STARCRAFT,2014,WHITE,,
56,Pedicab,129,ACTIVE,Pedal,N,"AUSTIN PEDICAB COMPANY, LLC",1015 N. HALSTED ST.,CHICAGO,IL,60642,129Pedicab,MAINSTREET,BROADWAY,2005,BLACK,,
57,Taxi,2238,ACTIVE,Gasoline,N,LEROY RAMSAY,9032 S. YATES BLVD.,CHICAGO,IL,60617,2238Taxi,TOYOTA,RAV4,2015,WHITE/RED/STRIPES,Independent2,Owner-Operator
58,Livery,7803,ACTIVE,Gasoline,N,CAREY LIMOUSINE CHICAGO INC,6321 N. AVONDALE AVE.,CHICAGO,IL,60631,7803Livery,CADILLAC,ESCALADE ESV,2016,BLACK,,
59,Taxi,2137,ACTIVE,Hybrid,N,LATIFEH CAB CO,9696 W. FOSTER AVE.,CHICAGO,IL,60656,2137Taxi,TOYOTA,CAMRY,2015,WHITE,Flash Cab Co,Owner Manager
60,Charter Sightseeing,21228,RESERVED,Gasoline,N,"EMPEROR LIMOUSINE AND PARTY BUS, LLC",5 E. 14TH PL.,CHICAGO,IL,60605,21228Charter Sightseeing,FREIGHTLINER,FB65,2002,SILVER,,
61,Ambulance,721480,ACTIVE,Gasoline,N,"SUPERIOR AIR-GROUND AMBULANCE SERVICE, INC.",395 W. LAKE ST.,ELMHURST,IL,60126,721480Ambulance,MERCEDES,SPRINTER,2016,WHITE,,
62,Ambulance,5174,INACTIVE,Gasoline,N,TOWER AMBULANCE,5567 N. ELSTON AVE.,CHICAGO,IL,60630,5174Ambulance,,,,,,
63,Taxi,5904,SURRENDER,Hybrid,N,SARDAR BAIG ENTERPRISES INC,4626 W. CORNELIA AVE.,CHICAGO,IL,60641,5904Taxi,TOYOTA,CAMRY,2015,BLUE/WHITE,Sun Taxi Association Inc,"Sun Financial Services, Inc."
64,Taxi,1154,SURRENDER,Hybrid,N,MM & SS TAXI INC,9696 W. FOSTER AVE.,CHICAGO,IL,60656,1154Taxi,TOYOTA,CAMRY,2019,WHITE,Flash Cab Co,Owner-Operator
65,Taxi,6983,INACTIVE,Gasoline,N,CITY OF CHICAGO BACP,2350 W. OGDEN AVE.,CHICAGO,IL,60608,6983Taxi,,,,,,
66,Medicar,18334,VIOLATION,Gasoline,N,URBAN MEDICAL TRANSPORT INC.,3921 S. INDIANA AVE.,CHICAGO,IL,60653,18334Medicar,DODGE,CARAVAN,2016,BLACK,,
67,Medicar,6691,INACTIVE,Gasoline,N,NEAL'S TRANSPORTATION  INC,8408 S. ADA ST.,CHICAGO,IL,60620,6691Medicar,FORD,E450,2004,WHITE,,
68,Medicar,8805,INACTIVE,Gasoline,N,MELVIN JENKINS II,10241 S. GREEN ST.,CHICAGO,IL,60643,8805Medicar,DODGE,GRAND CARAVAN,2010,WHITE,,
69,Medicar,7498,INACTIVE,Gasoline,N,BRANTLEY ENTERPRISES INC,2640 W. 84TH PL.,CHICAGO,IL,60652,7498Medicar,DODGE,CARAVAN,2005,WHITE,,
70,Taxi,2043,FORECLOSURE,Hybrid,N,CHICAGO SEVEN CAB INC,2617 S. WABASH AVE.,CHICAGO,IL,60616,2043Taxi,TOYOTA,PRIUS,2013,MAROON/BLUE/STRIPES,Chicago Carriage Cab,Chicago Elite Cab Corp.
71,Taxi,1461,SURRENDER,Hybrid,N,SKAMPA INC.,2601 W. PETERSON AVE.,CHICAGO,IL,60659,1461Taxi,TOYOTA,PRIUS,2013,WHITE,City Service Taxi Association,Owner Manager
72,Taxi,1513,SURRENDER,Hybrid,N,RIDGEVIEW CAB CORP.,9696 W. FOSTER AVE.,CHICAGO,IL,60656,1513Taxi,TOYOTA,CAMRY,2013,WHITE,Flash Cab Co,"Masters Medallion Management, LLC"
73,Taxi,5151,SURRENDER,Hybrid,N,BATUNDE INC,4626 W. CORNELIA AVE.,CHICAGO,IL,60641,5151Taxi,TOYOTA,CAMRY,2011,BLUE/WHITE,Sun Taxi Association Inc,"Sun Financial Services, Inc."
74,Livery,9844,INACTIVE,Gasoline,N,SW & H INC.,2025 W. GRANVILLE AVE.,CHICAGO,IL,60659,9844Livery,CHEVROLET,SUBURBAN,2017,BLACK,,
75,Medicar,18311,RESERVED,Gasoline,N,ALC MEDICAL TRANSPORTATION,8645 S. CREGIER AVE.,CHICAGO,IL,60617,18311Medicar,CHEVROLET,EQUINOX,2014,WHITE,,
76,Livery,7710,ACTIVE,Gasoline,N,FAYHA LIMOUSINE CORPORATION,3142 W. FARGO AVE.,CHICAGO,IL,60645,7710Livery,LINCOLN,NAVIGATOR,2017,BLACK,,
77,Livery,8233,ACTIVE,Gasoline,N,QUADRI A-1 INC.,5550 N. ELSTON AVE.,CHICAGO,IL,60630,8233Livery,LINCOLN,NAVIGATOR,2017,BLACK,,
78,Medicar,7788,ACTIVE,Gasoline,N,ILLINOIS MEDI-CAR INC,395  LAKE ST.,ELMHURST,IL,60126,7788Medicar,FORD,E250,2010,WHITE,,
79,Ambulance,5306,ACTIVE,Gasoline,N,"SUPERIOR AIR-GROUND AMBULANCE SERVICE, INC.",395 W. LAKE ST.,ELMHURST,IL,60126,5306Ambulance,MERCEDES,SPRINTER,2016,RED/WHITE,,
80,Taxi,2968,VIOLATION,Hybrid,N,MONETA TAXI INC.,2617 S. WABASH AVE.,CHICAGO,IL,60616,2968Taxi,FORD,ESCAPE,2012,MAROON/GOLD/STRIPES,Royal 3 Ccc Chicago Taxi Assoc,Chicago Elite Cab Corp.
81,Taxi,188,FORECLOSURE,Hybrid,N,SAMARA AMNA TRANS INC,2601 W. PETERSON AVE.,CHICAGO,IL,60659,188Taxi,TOYOTA,CAMRY,2015,WHITE,City Service Taxi Association,Owner Manager
82,Livery,7075,ACTIVE,Gasoline,N,LIMO PRO CHICAGO INC,5550 N. ELSTON AVE.,CHICAGO,IL,60630,7075Livery,AUDI,A8,2017,BLACK,,
83,Taxi,4261,FORECLOSURE,Hybrid,N,KAPTAN TRANSIT CORP.,2601 W. PETERSON AVE.,CHICAGO,IL,60659,4261Taxi,TOYOTA,PRIUS,2012,WHITE,DIS-AFFILIATED,Owner-Operator
84,Livery,7738,RESERVED,Gasoline,N,JKS LIMOUSINES LLC.,120 W. MADISON ST.,CHICAGO,IL,60602,7738Livery,CADILLAC,ESCALADE,2018,BLACK,,
85,Taxi,3998,ACTIVE,Gasoline,Y,"BOURGAS, CORP.",3800 N. MILWAUKEE AVE.,CHICAGO,IL,60641,3998Taxi,TOYOTA,SIENNA,2020,YELLOW,Yellow Cab Association,Owner-Operator
86,Taxi,1752,VIOLATION,Hybrid,N,ELSTON NINETEEN LLC,2738 W. FULTON ST.,CHICAGO,IL,60612,1752Taxi,TOYOTA,CAMRY,2016,YELLOW,Yellow Cab Association,"Chicago Medallion Management, Corp."
87,Ambulance,5506,INACTIVE,Gasoline,N,"SUPERIOR AIR-GROUND AMBULANCE SERVICE, INC.",395 W. LAKE ST.,ELMHURST,IL,60126,5506Ambulance,MERCEDES,SPRINTER,2013,RED/WHITE,,
88,Charter Sightseeing,21267,ACTIVE,Gasoline,N,AVITAL PARTY BUS LLC,5455 N. SHERIDAN RD.,CHICAGO,IL,60640,21267Charter Sightseeing,FREIGHTLINER,S2 106,2007,WHITE,,
89,Charter Sightseeing,16451,INACTIVE,Gasoline,N,CHICAGO BUS RENTAL INC,1 S. DEARBORN ST.,CHICAGO,IL,60603,16451Charter Sightseeing,FORD,STARCRAFT,2014,WHITE,,
90,Charter Sightseeing,16815,INACTIVE,Gasoline,N,CHICAGO BUS RENTAL INC,1 S. DEARBORN ST.,CHICAGO,IL,60603,16815Charter Sightseeing,FORD,STARCRAFT,2015,WHITE,,
91,Medicar,21748,ACTIVE,Gasoline,N,JANAY P. GAUSE,8436 S. BENNETT AVE.,CHICAGO,IL,60617,21748Medicar,DODGE,GRAND CARAVAN,2012,SILVER,,
92,Livery,9082,RESERVED,Gasoline,N,JKS LIMOUSINES LLC.,120 W. MADISON ST.,CHICAGO,IL,60602,9082Livery,CHEVROLET,SUBURBAN,2016,BLACK,,
93,Livery,9905,ACTIVE,Gasoline,N,PEDRAM A. GHAHVECHI,6157 N. SHERIDAN RD.,CHICAGO,IL,60660,9905Livery,LINCOLN,NAVIGATOR,2020,BLACK,,
94,Taxi,5241,ACTIVE,Hybrid,N,AL-MEDINA CHICAGO INC,3800 N. MILWAUKEE AVE.,CHICAGO,IL,60641,5241Taxi,TOYOTA,CAMRY,2013,YELLOW,Yellow Cab Association,Owner Manager
95,Taxi,1640,VIOLATION,Hybrid,N,AMPLE SUN CAB CORP.,2617 S. WABASH AVE.,CHICAGO,IL,60616,1640Taxi,FORD,ESCAPE,2012,MAROON/GOLD/STRIPES,Royal 3 Ccc Chicago Taxi Assoc,Chicago Elite Cab Corp.
96,Ambulance,895409,ACTIVE,Gasoline,N,AMBULANCE TRANSPORTATION INC,8400 W. 183RD PL.,TINLEY PARK,IL,60487,895409Ambulance,FORD,TRANSIT,2018,WHITE/BLUE,,
97,Ambulance,5635,INACTIVE,Gasoline,N,"SUPERIOR AIR-GROUND AMBULANCE SERVICE, INC.",395 W. LAKE ST.,ELMHURST,IL,60126,5635Ambulance,FORD,E350,2006,WHITE/RED,,
98,Taxi,3763,FORECLOSURE,Hybrid,N,ESFAHAN TRANS INC,3800 N. MILWAUKEE AVE.,CHICAGO,IL,60641,3763Taxi,FORD,ESCAPE,2010,YELLOW,Yellow Cab Association,Patriot Trans Inc
99,Taxi,1544,ACTIVE,Gasoline,Y,"FLAZ LIMO AND TAXI, INC",9696 W. FOSTER AVE.,CHICAGO,IL,60656,1544Taxi,TOYOTA,SIENNA,2020,WHITE,Flash Cab Co,Owner Manager
100,Livery,9630,INACTIVE,Gasoline,N,CHRISTOPHER M RADKOWSKI,111 W. WACKER DR.,CHICAGO,IL,60601,9630Livery,CADILLAC,XTS,2015,BLACK,,
101,Taxi,3826,VIOLATION,Hybrid,N,WINDHORSE INC.,4626 W. CORNELIA AVE.,CHICAGO,IL,60616,3826Taxi,TOYOTA,PRIUS,2013,BLUE/WHITE,Sun Taxi Association Inc,"Sun Financial Services, Inc."
102,Livery,9398,ACTIVE,Gasoline,N,CHICAGO WORLDWIDE LIMO INC.,3834 N. PACIFIC AVE.,CHICAGO,IL,60634,9398Livery,LINCOLN,MKT,2016,BLACK,,
103,Livery,8129,ACTIVE,Gasoline,N,PREMIER FLEET CARS INC.,5550 N. ELSTON AVE.,CHICAGO,IL,60630,8129Livery,LINCOLN,NAVIGATOR,2019,BLACK,,
104,Taxi,3602,SURRENDER,Hybrid,N,TRANZIT INC.,2601 W. PETERSON AVE.,CHICAGO,IL,60659,3602Taxi,TOYOTA,CAMRY,2014,WHITE,City Service Taxi Association,Owner Manager
105,Livery,7303,ACTIVE,Gasoline,N,DDSSBOS LLC,1836 S. WABASH AVE.,CHICAGO,IL,60616,7303Livery,BMW,740 I,2018,BLACK,,
106,Taxi,2658,ACTIVE,Hybrid,N,WHITE STAR TAXI INC,3800 N. MILWAUKEE AVE.,CHICAGO,IL,60641,2658Taxi,FORD,ESCAPE,2012,YELLOW,Yellow Cab Association,Owner Manager
107,Taxi,1363,SURRENDER,Gasoline,Y,1363 CAB INC,4626 W. CORNELIA AVE.,CHICAGO,IL,60641,1363Taxi,TOYOTA,SIENNA,2019,BLUE/WHITE,Sun Taxi Association Inc,Owner Manager
108,Taxi,4154,VIOLATION,Hybrid,N,ILYAS & SONS,4118 W. LAWRENCE AVE.,CHICAGO,IL,60630,4154Taxi,TOYOTA,PRIUS,2011,WHITE,Globe Taxi Association Inc,Owner-Operator
109,Pedicab,140,ACTIVE,Pedal,N,SECOND CITY TUK TUKS LLC,61 W. 15TH ST.,CHICAGO,IL,60605,140Pedicab,MANMADE,BROADWAY,2008,PURPLE,,
110,Taxi,4695,ACTIVE,Flex Fuel,N,LIAQUAT A. QURESHI,4336 N. KEDVALE AVE.,CHICAGO,IL,60641,4695Taxi,FORD,CROWN VICTORIA,2011,YELLOW,Yellow Cab Association,Owner-Operator
111,Taxi,6658,SURRENDER,Gasoline,N,SOURCE CAB CO.,5033 N. WOLCOTT AVE.,CHICAGO,IL,60640,6658Taxi,NISSAN,ALTIMA,2017,WHITE,Independent1,Owner-Operator
112,Taxi,5706,VIOLATION,Hybrid,N,"SKYLINE TAXI, INC",4020 W. GLENLAKE AVE.,CHICAGO,IL,60646,5706Taxi,NISSAN,ALTIMA,2011,BLUE/WHITE,Koam Taxi Association,"Cab Management Group, Inc."
113,Livery,8108,INACTIVE,Gasoline,N,OB ELITE TRANSPORTATION COMPANY,4300 W. FORD CITY DR.,CHICAGO,IL,60652,8108Livery,LINCOLN,MKS,2009,BLACK,,
114,Taxi,515,ACTIVE,Hybrid,N,TASEP LLC,9696 W. FOSTER AVE.,CHICAGO,IL,60656,515Taxi,FORD,ESCAPE,2012,WHITE/BLUE/STRIPES,Flash Cab Co,Owner-Operator
115,Taxi,1293,SURRENDER,Hybrid,N,WALEED INCORPORATED,2601 W. PETERSON AVE.,CHICAGO,IL,60659,1293Taxi,TOYOTA,CAMRY,2013,WHITE,DIS-AFFILIATED,Owner-Operator
116,Medicar,9091,ACTIVE,Gasoline,N,INNOVA UEV LLC,10 S. RIVERSIDE PLZ.,CHICAGO,IL,60606,9091Medicar,CHEVROLET,VOLT,2012,BLACK,,
117,Taxi,2200,ACTIVE,Gasoline,N,STENO CAB CO,6550 N. CLARK ST.,CHICAGO,IL,60626,2200Taxi,TOYOTA,COROLLA,2015,GRAY/WHITE,Choice Taxi Association Inc,Owner Manager
118,Charter Sightseeing,17261,INACTIVE,Gasoline,N,CHICAGO BUS RENTAL INC,1 S. DEARBORN ST.,CHICAGO,IL,60603,17261Charter Sightseeing,FORD,STARCRAFT,2016,WHITE,,
119,Livery,9682,ACTIVE,Gasoline,N,LIMO PRO CHICAGO INC,5550 N. ELSTON AVE.,CHICAGO,IL,60630,9682Livery,CADILLAC,ESCALADE,2019,BLACK,,
120,Taxi,3397,SURRENDER,Hybrid,N,CHICAGO AMH INC,3800 N. MILWAUKEE AVE.,CHICAGO,IL,60641,3397Taxi,TOYOTA,CAMRY,2016,WHITE,DIS-AFFILIATED,Owner-Operator
121,Pedicab,33,ACTIVE,Pedal,N,EASY RIDER PEDICAB LLC,2627 N. MILDRED AVE.,CHICAGO,IL,60614,33Pedicab,CUSTOM,CSM STYLE,2018,BLACK,,
122,Livery,8890,VIOLATION,Gasoline,N,ROYAL BLOODLINE CHAUFFEUR SERVICE INC.,4506 W. FULLERTON AVE.,CHICAGO,IL,60639,8890Livery,CHEVROLET,SUBURBAN,2017,BLACK,,
123,Taxi,6903,ACTIVE,Hybrid,N,TRI STATE CAB CORP.,3800 N. MILWAUKEE AVE.,CHICAGO,IL,60641,6903Taxi,TOYOTA,PRIUS,2013,YELLOW,Yellow Cab Association,"Taxi Works, LLC"
124,Taxi,2182,ACTIVE,Hybrid,N,SAMGATE ACKERPATT,5056 W. NEWPORT AVE.,CHICAGO,IL,60641,2182Taxi,TOYOTA,CAMRY,2013,WHITE/BLACK/STRIPES,Independent1,Owner-Operator
125,Livery,7823,ACTIVE,Gasoline,N,BASE INC,5550 N. ELSTON AVE.,CHICAGO,IL,60630,7823Livery,LINCOLN,MKT,2014,BLACK,,
126,Taxi,4709,SURRENDER,Gasoline,N,SCORPIO CAB CO.,4118 W. LAWRENCE AVE.,CHICAGO,IL,60630,4709Taxi,TOYOTA,SCION,2012,WHITE,Independent1,Owner Manager
127,Livery,9718,VIOLATION,Gasoline,N,LUXURY LIMO INC,2000 W. MORSE AVE.,CHICAGO,IL,60645,9718Livery,LINCOLN,MKS,2016,BLACK,,
128,Taxi,5346,SURRENDER,Hybrid,N,FLYING CAB CO,2601 W. PETERSON AVE.,CHICAGO,IL,60659,5346Taxi,TOYOTA,CAMRY,2014,WHITE,City Service Taxi Association,Owner Manager
129,Horse Drawn Carriage,58,INACTIVE,Horse,N,ROYAL CARRIAGE LIMITED.,1410 N. ORLEANS ST.,CHICAGO,IL,60610,58Horse Drawn Carriage,MARTIN,VIS-A-VIS,,,,
130,Taxi,5498,FORECLOSURE,Hybrid,N,"PARAMOUNT TAXI, INC",4020 W. GLENLAKE AVE.,CHICAGO,IL,60646,5498Taxi,TOYOTA,CAMRY,2014,BLUE/WHITE,Koam Taxi Association,"Cab Management Group, Inc."
131,Taxi,340,VIOLATION,Hybrid,N,MR TAXI 1 INC,3800 N. MILWAUKEE AVE.,CHICAGO,IL,60641,340Taxi,TOYOTA,CAMRY,2015,YELLOW,Yellow Cab Association,Owner Manager
132,Ambulance,895401,INACTIVE,Gasoline,N,AMBULANCE TRANSPORTATION INC,8400 W. 183RD PL.,TINLEY PARK,IL,60487,895401Ambulance,FORD,E350,2013,WHITE/BLUE,,
133,Horse Drawn Carriage,55,INACTIVE,Horse,N,GOLD COAST HORSE & CARRIAGE,2026 W. CARROLL AVE.,CHICAGO,IL,60612,55Horse Drawn Carriage,MARTIN,VIS-A-VIS,,BLACK,,
134,Livery,7199,RESERVED,Gasoline,N,ST.CHRISTOPHER LIMOUSINE SERVICE INC.,5550 N. ELSTON AVE.,CHICAGO,IL,60630,7199Livery,CADILLAC,ESCALADE,2015,BLACK,,
135,Charter Sightseeing,7241,INACTIVE,Gasoline,N,"TRT TRANSPORTATION, INC.",4400 S. RACINE AVE.,CHICAGO,IL,60609,7241Charter Sightseeing,FREIGHLINE,TROLLEY,1998,RED/GREEN,,
136,Ambulance,5412,ACTIVE,Gasoline,N,"SUPERIOR AIR-GROUND AMBULANCE SERVICE, INC.",395 W. LAKE ST.,ELMHURST,IL,60126,5412Ambulance,MERCEDES,SPRINTER,2013,WHITE/ORANGE,,
137,Charter Sightseeing,14754,INACTIVE,Gasoline,N,JKS LIMOUSINES LLC.,120 W. MADISON ST.,CHICAGO,IL,60602,14754Charter Sightseeing,FORD,ECONOLINE,2012,BLACK,,
138,Livery,7784,RESERVED,Gasoline,N,"WINDY CITY LIMOUSINE COMPANY, LLC",120 W. MADISON ST.,CHICAGO,IL,60602,7784Livery,FORD,EXPEDITION,2018,BLACK,,
139,Ambulance,5725,RESERVED,Gasoline,N,MIDWEST AMBULANCE LLC,8111  ST LOUIS AVE.,SKOKIE,IL,60076,5725Ambulance,FORD,E350,2010,WHITE,,
140,Pedicab,137,ACTIVE,Pedal,N,MBL PEDICAB LLC,8708 W. BERWYN AVE.,CHICAGO,IL,60656,137Pedicab,MAINSTREET,BROADWAY,2016,BLUE,,
141,Taxi,6955,SURRENDER,Compressed Natural Gas,Y,MIRZASULEMAN CORP,9696 W. FOSTER AVE.,CHICAGO,IL,60656,6955Taxi,DODGE,GRAND CARAVAN,2013,WHITE,Flash Cab Co,Owner-Operator
142,Taxi,341,FORECLOSURE,Hybrid,N,IL 11 CORP,220 N. LAFLIN ST.,CHICAGO,IL,60607,341Taxi,TOYOTA,PRIUS,2013,BLACK/WHITE,NOVA TAXI,Owner Manager
143,Livery,9228,ACTIVE,Gasoline,N,ROMEO SZELLPAL,4848 N. WINTHROP AVE.,CHICAGO,IL,60640,9228Livery,CHEVROLET,SUBURBAN,2015,BLACK,,
144,Medicar,5803,INACTIVE,Gasoline,N,MEDICAL EXPRESS AMBULANCE SERV,5650 W. HOWARD ST.,SKOKIE,IL,60077,5803Medicar,FORD,E250,2005,WHITE,,
145,Livery,8293,RESERVED,Gasoline,N,LUCKY LIVERY INC,3149 W. 59TH ST.,CHICAGO,IL,60629,8293Livery,CHEVROLET,SUBURBAN,2018,BLACK,,
146,Ambulance,806101,INACTIVE,Gasoline,N,ADVANTAGE AMBULANCE INC,22809  MUSTANG RD.,FRANKFORT,IL,60423,806101Ambulance,FORD,E350,2010,WHITE,,
147,Livery,9162,INACTIVE,Gasoline,N,AM LIMO LLC,500 N. MICHIGAN AVE.,CHICAGO,IL,60611,9162Livery,CHEVROLET,SUBURBAN,2015,BLACK,,
148,Livery,8331,INACTIVE,Gasoline,N,CHRISTOPHER M RADKOWSKI,111 W. WACKER DR.,CHICAGO,IL,60601,8331Livery,CHEVROLET,SUBURBAN,2013,BLACK,,
149,Charter Sightseeing,17434,INACTIVE,Gasoline,N,CHICAGO BUS RENTAL INC,1 S. DEARBORN ST.,CHICAGO,IL,60603,17434Charter Sightseeing,FREIGHTLINER,NEWPORT,2016,WHITE,,
150,Taxi,1279,SURRENDER,Compressed Natural Gas,Y,NECT 11 LLC,6500 N. WESTERN AVE.,CHICAGO,IL,60645,1279Taxi,VPG,MV-1,2012,GREEN,TAXI TOWN AFFILIA,"Medallion Leasing and Management, Inc."
151,Taxi,6256,ACTIVE,Hybrid,N,ABU-ASSAF CORP,3800 N. MILWAUKEE AVE.,CHICAGO,IL,60641,6256Taxi,TOYOTA,CAMRY,2018,YELLOW,Yellow Cab Association,Owner-Operator
152,Ambulance,749931,INACTIVE,Gasoline,N,TRACE AMBULANCE INC,8400 W. 183RD PL.,TINLEY PARK,IL,60487,749931Ambulance,FORD,TRANSIT,2018,WHITE,,
153,Livery,7849,ACTIVE,Gasoline,N,ALAA M. ALKHAZALEH,8431 W. BERWYN AVE.,CHICAGO,IL,60656,7849Livery,CHEVROLET,SUBURBAN,2015,BLACK,,
154,Livery,8392,ACTIVE,Gasoline,N,"ROCK LIMO SERVICE,INC.",5550 N. ELSTON AVE.,CHICAGO,IL,60630,8392Livery,LINCOLN,MKS,2014,BLACK,,
155,Taxi,1331,ACTIVE,Hybrid,N,NEW AMSTERDAM LEASING CORP.,3800 N. MILWAUKEE AVE.,CHICAGO,IL,60641,1331Taxi,TOYOTA,CAMRY,2014,YELLOW,Yellow Cab Association,"M & A Leasing, LLC"
156,Livery,8491,VIOLATION,Gasoline,N,T.L.C. LIMO INC,6056 N. WHIPPLE ST.,CHICAGO,IL,60659,8491Livery,CADILLAC,ESCALADE ESV,2019,BLACK,,
157,Livery,9897,ACTIVE,Gasoline,N,VALENTIN POPOVICI,5032 N. DELPHIA AVE.,CHICAGO,IL,60656,9897Livery,LINCOLN,CONTINENTAL,2019,BLACK,,
158,Medicar,14715,INACTIVE,Gasoline,N,"SCR MEDICAL TRANSPORTATION, INC.",8801 S. GREENWOOD AVE.,CHICAGO,IL,60619,14715Medicar,DODGE,CARAVAN,2013,WHITE,,
159,Taxi,3695,ACTIVE,Hybrid,N,W CITY CAB LLC,2719 N. KIMBALL AVE.,CHICAGO,IL,60647,3695Taxi,TOYOTA,PRIUS,2015,WHITE/BLUE,Independent1,Owner-Operator
160,Taxi,5922,ACTIVE,Hybrid,N,SUMETTI CAB CO,6550 N. CLARK ST.,CHICAGO,IL,60626,5922Taxi,TOYOTA,CAMRY,2013,GRAY/WHITE,Choice Taxi Association Inc,Owner-Operator
161,Taxi,4657,SURRENDER,Hybrid,N,URBAN RITE INC.,3800 N. MILWAUKEE AVE.,CHICAGO,IL,60641,4657Taxi,TOYOTA,CAMRY,2014,YELLOW,Yellow Cab Association,Owner Manager
162,Taxi,1435,VIOLATION,Hybrid,N,YC25 LLC,3800 N. MILWAUKEE AVE.,CHICAGO,IL,60641,1435Taxi,TOYOTA,PRIUS,2014,YELLOW,Yellow Cab Association,"Taxi Works, LLC"
163,Charter Sightseeing,10103,INACTIVE,Gasoline,N,DIVA LIMOUSINE LTD,301 W. 31ST ST.,CHICAGO,IL,60616,10103Charter Sightseeing,FORD,E350,2007,BLACK,,
164,Taxi,6954,SURRENDER,Gasoline,N,CSKA INC,2532 W. WARREN BLVD.,CHICAGO,IL,60612,6954Taxi,TOYOTA,COROLLA,2017,WHITE/BLACK/STRIPES,Independent1,Owner-Operator
165,Taxi,6332,VIOLATION,Hybrid,N,"CHICAGO CAB, INC. #1",6550 N. CLARK ST.,CHICAGO,IL,60626,6332Taxi,FORD,ESCAPE,2011,GRAY/WHITE,Choice Taxi Association Inc,Choice Taxi Association
166,Pedicab,34,ACTIVE,Pedal,N,EASY RIDER PEDICAB LLC,2627 N. MILDRED AVE.,CHICAGO,IL,60614,34Pedicab,CUSTOM,CSM STYLE,2018,BLACK,,
167,Taxi,4801,SURRENDER,Gasoline,Y,TEEMU CORPORATION,4626 W. CORNELIA AVE.,CHICAGO,IL,60641,4801Taxi,TOYOTA,SIENNA,2018,BLUE/WHITE,Sun Taxi Association Inc,"Sun Financial Services, Inc."
168,Taxi,1750,SURRENDER,Hybrid,N,BMF INC,9696 W. FOSTER AVE.,CHICAGO,IL,60656,1750Taxi,TOYOTA,PRIUS,2013,WHITE,Flash Cab Co,Owner-Operator
169,Medicar,18548,ACTIVE,Gasoline,N,ALC MEDICAL TRANSPORTATION,8645 S. CREGIER AVE.,CHICAGO,IL,60617,18548Medicar,KIA,SPORTAGE LX,2012,GRAY,,
170,Taxi,503,VIOLATION,Hybrid,N,LAKEVIEW INC.,3800 N. MILWAUKEE AVE.,CHICAGO,IL,60641,503Taxi,TOYOTA,PRIUS,2010,YELLOW,Yellow Cab Association,Owner Manager
171,Taxi,4977,VIOLATION,Hybrid,N,GHAFFAR CAB CO,9696 W. FOSTER AVE.,CHICAGO,IL,60656,4977Taxi,TOYOTA,CAMRY,2014,WHITE,Flash Cab Co,Owner Manager
172,Taxi,5260,SURRENDER,Hybrid,N,WHITE ROSE CHICAGO CORP,4626 W. CORNELIA AVE.,CHICAGO,IL,60641,5260Taxi,TOYOTA,CAMRY,2013,BLUE/WHITE,Sun Taxi Association Inc,"Sun Financial Services, Inc."
173,Taxi,1564,VIOLATION,Hybrid,N,TAHITI TAXI LTD,4536 N. ELSTON AVE.,CHICAGO,IL,60630,1564Taxi,FORD,FUSION,2014,BLUE,NORTHSTAR AFFILIATION,Star North Management LLC
174,Pedicab,191,ACTIVE,Pedal,N,MBL PEDICAB LLC,8708 W. BERWYN AVE.,CHICAGO,IL,60656,191Pedicab,MANMADE,BROADWAY,2014,BLACK,,
175,Taxi,4360,SURRENDER,Hybrid,N,WAHIDA CORP.,4118 W. LAWRENCE AVE.,CHICAGO,IL,60630,4360Taxi,TOYOTA,CAMRY,2013,WHITE,Globe Taxi Association Inc,Owner-Operator
176,Charter Sightseeing,7236,INACTIVE,Gasoline,N,"TRT TRANSPORTATION, INC.",4400 S. RACINE AVE.,CHICAGO,IL,60609,7236Charter Sightseeing,FORD,TROLLEY,1997,RED/GREEN,,
177,Taxi,153,FORECLOSURE,Hybrid,N,GRASU CAB CORP.,220 N. LAFLIN ST.,CHICAGO,IL,60607,153Taxi,TOYOTA,PRIUS,2013,WHITE/BLACK,NOVA TAXI,Owner Manager
178,Livery,8287,ACTIVE,Gasoline,N,SIVER BLACK CAR LIMOUSINE CORPORATION,5550 N. ELSTON AVE.,CHICAGO,IL,60630,8287Livery,CADILLAC,XTS,2016,BLACK,,
179,Livery,7947,ACTIVE,Gasoline,N,VINCENT SAISI INC,6202 W. NORWOOD ST.,CHICAGO,IL,60646,7947Livery,LINCOLN,CONTINENTAL,2017,BLACK,,
180,Taxi,6850,SURRENDER,Gasoline,Y,A.A.T.Z. CORPORATION,3349 N. ALBANY AVE.,CHICAGO,IL,60618,6850Taxi,TOYOTA,SIENNA,2019,WHITE,Independent1,Owner Manager
181,Taxi,1695,SURRENDER,Hybrid,N,LAIGHT TAXI CORP.,4536 N. ELSTON AVE.,CHICAGO,IL,60630,1695Taxi,TOYOTA,CAMRY,2011,BLUE,NORTHSTAR AFFILIATION,Star North Management LLC
182,Taxi,2878,VIOLATION,Hybrid,N,AMJED INC,4118 W. LAWRENCE AVE.,CHICAGO,IL,60630,2878Taxi,TOYOTA,CAMRY,2012,WHITE,DIS-AFFILIATED,Owner Manager
183,Taxi,4428,SURRENDER,Gasoline,N,WONDER CAB COMPANY,3800 N. MILWAUKEE AVE.,CHICAGO,IL,60641,4428Taxi,TOYOTA,SIENNA,2015,CREAM/GREEN,Checker Taxi Association Co.,Owner-Operator
184,Taxi,4632,VIOLATION,Hybrid,N,BRILON ONE CAB CORP.,9696 W. FOSTER AVE.,CHICAGO,IL,60656,4632Taxi,TOYOTA,CAMRY,2013,WHITE,DIS-AFFILIATED,Owner Manager
185,Taxi,1447,SURRENDER,Hybrid,N,SNOWSTORM II HACKING CORP.,2617 S. WABASH AVE.,CHICAGO,IL,60616,1447Taxi,FORD,ESCAPE,2012,MAROON/GOLD/STRIPES,Royal 3 Ccc Chicago Taxi Assoc,Chicago Elite Cab Corp.
186,Livery,8558,RESERVED,Gasoline,N,BLACK CAR LEASING INC.,3700 S. ASHLAND AVE.,CHICAGO,IL,60609,8558Livery,CHEVROLET,SUBURBAN,2019,BLACK,,
187,Taxi,1917,SURRENDER,Hybrid,N,AMPLE SUN CAB CORP.,2617 S. WABASH AVE.,CHICAGO,IL,60616,1917Taxi,FORD,ESCAPE,2012,MAROON/GOLD/STRIPES,Royal 3 Ccc Chicago Taxi Assoc,Chicago Elite Cab Corp.
188,Medicar,3219,VIOLATION,Gasoline,N,PRECIOUS JEWELS TRANSPORTATION COMPANY,1112 W. 111TH PL.,CHICAGO,IL,60643,3219Medicar,DODGE,GRAND CARAVAN,2016,SILVER,,
189,Taxi,534,FORECLOSURE,Gasoline,Y,LIBRA TAXI INC,6500 N. WESTERN AVE.,CHICAGO,IL,60645,534Taxi,VPG,MV-1,2014,GREEN,TAXI TOWN AFFILIA,"Medallion Leasing and Management, Inc."
190,Taxi,652,ACTIVE,Hybrid,N,Z & Z CAB INC,4301 W. MONTROSE AVE.,CHICAGO,IL,60641,652Taxi,TOYOTA,PRIUS,2013,ORANGE,WOLLEY TAXI,Owner Manager
191,Taxi,479,FORECLOSURE,Hybrid,N,TAHITI TAXI LTD,4536 N. ELSTON AVE.,CHICAGO,IL,60630,479Taxi,FORD,FUSION,2014,BLUE,NORTHSTAR AFFILIATION,Star North Management LLC
192,Medicar,19149,ACTIVE,Gasoline,N,ALC MEDICAL TRANSPORTATION,8645 S. CREGIER AVE.,CHICAGO,IL,60617,19149Medicar,CHEVROLET,SUBURBAN,2007,SILVER,,
193,Livery,9405,ACTIVE,Gasoline,N,JK & HK CORPORATION,6417 N. KEDZIE AVE.,CHICAGO,IL,60645,9405Livery,CADILLAC,ESCALADE ESV,2018,BLACK,,
194,Taxi,5142,VIOLATION,Hybrid,N,ROOPI CAB CO.,3800 N. MILWAUKEE AVE.,CHICAGO,IL,60641,5142Taxi,TOYOTA,CAMRY,2012,YELLOW,Yellow Cab Association,Owner Manager
195,Taxi,5742,SURRENDER,Hybrid,N,CHICAGO POLO VII INC.,2617 S. WABASH AVE.,CHICAGO,IL,60616,5742Taxi,FORD,ESCAPE,2012,MAROON/GOLD/STRIPES,Royal 3 Ccc Chicago Taxi Assoc,Chicago Elite Cab Corp.
196,Taxi,1778,SURRENDER,Hybrid,N,A RATTANI INC,9696 W. FOSTER AVE.,CHICAGO,IL,60656,1778Taxi,TOYOTA,CAMRY,2014,WHITE,Flash Cab Co,Owner Manager
197,Ambulance,794902,ACTIVE,Gasoline,N,TRACE AMBULANCE INC,8400 W. 183RD PL.,TINLEY PARK,IL,60487,794902Ambulance,FORD,E350,2016,WHITE,,
198,Ambulance,5716,RESERVED,Gasoline,N,MIDWEST AMBULANCE LLC,8111  ST LOUIS AVE.,SKOKIE,IL,60076,5716Ambulance,FORD,E350,2010,WHITE,,
199,Pedicab,74,ACTIVE,Pedal,N,EMPIRE PEDICAB LLC,318 W. ADAMS ST.,CHICAGO,IL,60606,74Pedicab,MAINSTREET,CLASSIC,0,RED/BLACK,,
200,Taxi,1801,VIOLATION,Hybrid,N,SONILA & LOLA INC,2601 W. PETERSON AVE.,CHICAGO,IL,60659,1801Taxi,TOYOTA,CAMRY,2014,WHITE,DIS-AFFILIATED,Owner Manager
201,Livery,8051,ACTIVE,Gasoline,N,"WINDY CITY LIMOUSINE COMPANY, LLC",120 W. MADISON ST.,CHICAGO,IL,60602,8051Livery,CHEVROLET,SUBURBAN,2017,BLACK,,
202,Ambulance,726805,RESERVED,Gasoline,N,ELITE MEDICAL TRANSPORTATION LLC,11551  184TH PL.,ORLAND PARK,IL,60467,726805Ambulance,FORD,E350,2010,WHITE,,
203,Ambulance,5580,RESERVED,Gasoline,N,"SUPERIOR AIR-GROUND AMBULANCE SERVICE, INC.",395 W. LAKE ST.,ELMHURST,IL,60126,5580Ambulance,FORD,E350,2004,YELLOW/BLUE,,
204,Medicar,6308,INACTIVE,Gasoline,N,LAKE SHORE MEDICAR INC,2640 W. TOUHY AVE.,CHICAGO,IL,60645,6308Medicar,FORD,CAPRICE,2007,WHITE,,
205,Taxi,2590,VIOLATION,Hybrid,N,CASABLANCA CAB CORP.,2617 S. WABASH AVE.,CHICAGO,IL,60616,2590Taxi,FORD,ESCAPE,2012,WHITE,DIS-AFFILIATED,Chicago Elite Cab Corp.
206,Taxi,5589,SURRENDER,Hybrid,N,IMAGIN EXPRESS INC,3800 N. MILWAUKEE AVE.,CHICAGO,IL,60641,5589Taxi,FORD,ESCAPE,2011,CREAM/GREEN,Checker Taxi Association Co.,Owner Manager
207,Taxi,6265,VIOLATION,Hybrid,N,MICHAEL TWO CAB CORP,3800 N. MILWAUKEE AVE.,CHICAGO,IL,60641,6265Taxi,TOYOTA,PRIUS,2014,YELLOW,Yellow Cab Association,"Taxi Medallion Management, LLC"
208,Taxi,5886,FORECLOSURE,Hybrid,N,WADEBUT CAB INC.,6550 N. CLARK ST.,CHICAGO,IL,60626,5886Taxi,TOYOTA,CAMRY,2013,GRAY/WHITE,Choice Taxi Association Inc,Owner Manager
209,Charter Sightseeing,21398,ACTIVE,Gasoline,N,PREMIER TROLLEY INC,1900 N. AUSTIN AVE.,CHICAGO,IL,60639,21398Charter Sightseeing,FREIGHTLINER,M LINE SHUTTLE BUS,2004,WHITE/RED,,
210,Taxi,5845,SURRENDER,Gasoline,N,"TAHIR Q RAZAVI, INC.",3800 N. MILWAUKEE AVE.,CHICAGO,IL,60641,5845Taxi,TOYOTA,CAMRY,2018,WHITE/STARS/STRIPES,American-United Cab Assn,Owner Manager
211,Livery,9488,ACTIVE,Gasoline,N,CHICAGO EXCELLENT LIMOUSINE SERVICES INC.,6330 N. CLARK ST.,CHICAGO,IL,60660,9488Livery,GMC,YUKON,2017,BLACK,,
212,Livery,8646,ACTIVE,Gasoline,N,JORGE SINCHI,4430 N. CICERO AVE.,CHICAGO,IL,60630,8646Livery,CHEVROLET,SUBURBAN,2018,BLACK,,
213,Livery,7569,ACTIVE,Gasoline,N,YOUSIF ODISHO,3149 W. 59TH ST.,CHICAGO,IL,60629,7569Livery,LINCOLN,MKS,2016,BLACK,,
214,Taxi,5131,VIOLATION,Hybrid,N,INTERWOODEX INC,6550 N. CLARK ST.,CHICAGO,IL,60626,5131Taxi,TOYOTA,CAMRY,2014,GRAY/WHITE,Choice Taxi Association Inc,Owner Manager
215,Taxi,6071,FORECLOSURE,Hybrid,N,NEW MILLENNIUM INC. #1,4020 W. GLENLAKE AVE.,CHICAGO,IL,60646,6071Taxi,NISSAN,ALTIMA,2011,WHITE/BLUE/STRIPES,Blue Ribbon Assn Inc,"Cab Management Group, Inc."
216,Taxi,486,VIOLATION,Hybrid,N,MEDALLION FUNDING CHICAGO CORP,2617 S. WABASH AVE.,CHICAGO,IL,60616,486Taxi,FORD,ESCAPE,2012,MAROON/BLUE/STRIPES,Chicago Carriage Cab,Chicago Elite Cab Corp.
217,Taxi,3806,ACTIVE,Gasoline,Y,"NOORAMZI, INC.",2532 W. WARREN BLVD.,CHICAGO,IL,60612,3806Taxi,TOYOTA,SIENNA,2018,WHITE,Independent1,Owner-Operator
218,Ambulance,794904,ACTIVE,Gasoline,N,TRACE AMBULANCE INC,8400 W. 183RD PL.,TINLEY PARK,IL,60487,794904Ambulance,FORD,TRANSIT,2020,WHITE,,
219,Taxi,5667,SURRENDER,Hybrid,N,CAROLINA DELAVINA CORP.,2601 W. PETERSON AVE.,CHICAGO,IL,60659,5667Taxi,TOYOTA,CAMRY,2014,WHITE,City Service Taxi Association,Medallion Management Corp.
220,Ambulance,794911,ACTIVE,Gasoline,N,TRACE AMBULANCE INC,8400 W. 183RD PL.,TINLEY PARK,IL,60487,794911Ambulance,FORD,TRANSIT,2019,WHITE,,
221,Taxi,3974,VIOLATION,Hybrid,N,CHICAGO MEDALLION ONE LLC.,9696 W. FOSTER AVE.,CHICAGO,IL,60656,3974Taxi,TOYOTA,CAMRY,2015,WHITE,Flash Cab Co,"Masters Medallion Management, LLC"
222,Livery,7225,ACTIVE,Gasoline,N,"BALKANTOURIST, INC",8500 W. RASCHER AVE.,CHICAGO,IL,60656,7225Livery,LINCOLN,CONTINENTAL,2019,BLACK,,
223,Medicar,20230,ACTIVE,Gasoline,N,AGNES MEDI-TRANS INC,2530 W. FITCH AVE.,CHICAGO,IL,60645,20230Medicar,TOYOTA,CAMRY,2011,GRAY,,
224,Charter Sightseeing,17435,INACTIVE,Gasoline,N,CHICAGO BUS RENTAL INC,1 S. DEARBORN ST.,CHICAGO,IL,60603,17435Charter Sightseeing,FREIGHTLINER,M2 106,2016,WHITE,,
225,Livery,8165,ACTIVE,Gasoline,N,"WINDY CITY LIMOUSINE COMPANY, LLC",120 W. MADISON ST.,CHICAGO,IL,60602,8165Livery,CHEVROLET,SUBURBAN,2016,BLACK,,
226,Taxi,537,FORECLOSURE,Flex Fuel,Y,LIBRA TAXI INC,6500 N. WESTERN AVE.,CHICAGO,IL,60645,537Taxi,DODGE,CARAVAN,2010,GREEN,TAXI TOWN AFFILIA,"Medallion Leasing and Management, Inc."
227,Ambulance,5541,INACTIVE,Gasoline,N,"MIDWEST MEDICAL SERVICE, INC.",5567 N. ELSTON AVE.,CHICAGO,IL,60630,5541Ambulance,FORD,E350,2008,WHITE,,
228,Ambulance,4961,ACTIVE,Gasoline,N,"SUPERIOR AIR-GROUND AMBULANCE SERVICE, INC.",395 W. LAKE ST.,ELMHURST,IL,60126,4961Ambulance,MERCEDES,SPRINTER,2012,BLACK,,
229,Taxi,4125,SURRENDER,Gasoline,Y,SKY CAB CORP,3800 N. MILWAUKEE AVE.,CHICAGO,IL,60641,4125Taxi,TOYOTA,SIENNA,2017,YELLOW,Yellow Cab Association,Owner-Operator
230,Taxi,5150,VIOLATION,Hybrid,N,"LAKESHORE TAXI, INC",4020 W. GLENLAKE AVE.,CHICAGO,IL,60646,5150Taxi,TOYOTA,PRIUS,2013,BLUE/WHITE,Koam Taxi Association,"Cab Management Group, Inc."
231,Ambulance,794912,ACTIVE,Gasoline,N,TRACE AMBULANCE INC,8400 W. 183RD PL.,TINLEY PARK,IL,60487,794912Ambulance,FORD,TRANSIT,2019,WHITE,,
232,Ambulance,5527,INACTIVE,Gasoline,N,"MIDWEST MEDICAL SERVICE, INC.",5567 N. ELSTON AVE.,CHICAGO,IL,60630,5527Ambulance,FORD,ECONOLINE,2001,,,
233,Taxi,1831,SURRENDER,Gasoline,N,ERITREA CAB CORP,5136 N. WESTERN AVE.,CHICAGO,IL,60625,1831Taxi,TOYOTA,SCION,2013,WHITE/BLUE,Peace Taxi Assoc Inc,Owner Manager
234,Livery,8182,ACTIVE,Gasoline,N,BLACK TIE LIMOUSINE INC,3819 N. LARAMIE AVE.,CHICAGO,IL,60641,8182Livery,LINCOLN,CONTINENTAL,2019,BLACK,,
235,Taxi,306,SURRENDER,Hybrid,N,SORIN TRANS INC,5136 N. WESTERN AVE.,CHICAGO,IL,60625,306Taxi,TOYOTA,CAMRY,2014,WHITE/BLUE,Peace Taxi Assoc Inc,Owner-Operator
236,Ambulance,5712,RESERVED,Gasoline,N,MIDWEST AMBULANCE LLC,8111  ST LOUIS AVE.,SKOKIE,IL,60076,5712Ambulance,FORD,E350,2010,BLUE,,
237,Taxi,5027,SURRENDER,Hybrid,N,SEKHON CAB CO INC,3800 N. MILWAUKEE AVE.,CHICAGO,IL,60641,5027Taxi,TOYOTA,CAMRY,2014,YELLOW,Yellow Cab Association,Owner Manager
238,Medicar,17239,ACTIVE,Gasoline,N,SECURE TRANSPORTATION COMPANY OF ILLINOIS LLC,318 W. ADAMS ST.,CHICAGO,IL,60606,17239Medicar,FORD,FUSION,2016,WHITE,,
239,Livery,8490,VIOLATION,Gasoline,N,ROSE LIMO SERVICE INC,5550 N. ELSTON AVE.,CHICAGO,IL,60630,8490Livery,LINCOLN,MKT,2018,BLACK,,
240,Charter Sightseeing,14844,ACTIVE,Gasoline,N,JUAN M. ESCOBAR,2243 W. 23RD PL.,CHICAGO,IL,60608,14844Charter Sightseeing,FORD,TRANSIT,2018,BLACK,,
241,Taxi,1668,FORECLOSURE,Hybrid,N,SITARA INC.,9696 W. FOSTER AVE.,CHICAGO,IL,60656,1668Taxi,TOYOTA,PRIUS,2013,WHITE,Flash Cab Co,Owner Manager
242,Jitney,80696,ACTIVE,Gasoline,N,SUREWAY RIDES INC,5807 W. DIVISION ST.,CHICAGO,IL,60651,80696Jitney,SUBARU,OUTBACK,2012,WHITE,,
243,Livery,7639,ACTIVE,Gasoline,N,SEBASTIAN CIPRIAN BOHUS,5555 W. EDMUNDS ST.,CHICAGO,IL,60630,7639Livery,CADILLAC,ESCALADE ESV,2017,BLACK,,
244,Taxi,1289,VIOLATION,Hybrid,N,"LMB TAXI V, INC.",3800 N. MILWAUKEE AVE.,CHICAGO,IL,60641,1289Taxi,TOYOTA,PRIUS,2012,YELLOW,Yellow Cab Association,"Taxi Medallion Management, LLC"
245,Taxi,5469,SURRENDER,Hybrid,N,JEJU CAB CO.,4020 W. GLENLAKE AVE.,CHICAGO,IL,60646,5469Taxi,TOYOTA,CAMRY,2013,BLUE/WHITE,Koam Taxi Association,Owner Manager
246,Taxi,4670,VIOLATION,Hybrid,N,ARGENTINE OPEN CORP.,2617 S. WABASH AVE.,CHICAGO,IL,60616,4670Taxi,FORD,ESCAPE,2012,MAROON/BLUE/STRIPES,Chicago Carriage Cab,Chicago Elite Cab Corp.
247,Charter Sightseeing,9796,INACTIVE,Gasoline,N,JKS LIMOUSINES LLC.,120 W. MADISON ST.,CHICAGO,IL,60602,9796Charter Sightseeing,FORD,F650,2006,BLACK,,
248,Livery,9742,RESERVED,Gasoline,N,Did Services Inc,3155 W. FULTON ST.,CHICAGO,IL,60612,9742Livery,CADILLAC,XTS,2014,BLACK,,
249,Taxi,219,FORECLOSURE,Hybrid,N,TAURUS CAB INC,6500 N. WESTERN AVE.,CHICAGO,IL,60645,219Taxi,FORD,FUSION,2014,GREEN,TAXI TOWN AFFILIA,"Medallion Leasing and Management, Inc."
250,Medicar,18771,VIOLATION,Gasoline,N,MJKNIGHT ENTERPRISES LLC,5411 S. HOYNE AVE.,CHICAGO,IL,60609,18771Medicar,CHRYSLER,TOWN AND COUNTRY,2013,WHITE,,
251,Livery,7267,INACTIVE,Gasoline,N,AIRTIME LIMOUSINE INC.,4500 N. RESERVE AVE.,CHICAGO,IL,60656,7267Livery,LINCOLN,MKS,2013,BLACK,,
252,Taxi,5711,FORECLOSURE,Hybrid,N,"SKYLINE TAXI, INC",4020 W. GLENLAKE AVE.,CHICAGO,IL,60646,5711Taxi,TOYOTA,PRIUS,2013,BLUE/WHITE,Koam Taxi Association,"Cab Management Group, Inc."
253,Taxi,3757,FORECLOSURE,Hybrid,N,ESFAHAN TRANS INC,3800 N. MILWAUKEE AVE.,CHICAGO,IL,60641,3757Taxi,TOYOTA,PRIUS,2015,YELLOW,Yellow Cab Association,Patriot Trans Inc
254,Taxi,252,REVOKED,Hybrid,N,SEAN K. INCORPORATED,2601 W. PETERSON AVE.,CHICAGO,IL,60659,252Taxi,TOYOTA,CAMRY,2013,WHITE,DIS-AFFILIATED,Owner-Operator
255,Taxi,3007,SURRENDER,Hybrid,N,"CHICAGO POLO XV, INC.",2617 S. WABASH AVE.,CHICAGO,IL,60616,3007Taxi,CHRYSLER,PACIFICA,2018,MAROON/GOLD/STRIPES,Royal 3 Ccc Chicago Taxi Assoc,Chicago Elite Cab Corp.
256,Taxi,3384,ACTIVE,Hybrid,N,AZEEM ROSIE INC,9696 W. FOSTER AVE.,CHICAGO,IL,60656,3384Taxi,TOYOTA,CAMRY,2020,WHITE,Flash Cab Co,Owner-Operator
257,Taxi,6409,FORECLOSURE,Compressed Natural Gas,Y,"LUCKY SEVEN CHICAGO, INC.",2617 S. WABASH AVE.,CHICAGO,IL,60616,6409Taxi,VPG,MV-1,2012,MAROON/GOLD/STRIPES,Royal 3 Ccc Chicago Taxi Assoc,Chicago Elite Cab Corp.
258,Taxi,4691,VIOLATION,Hybrid,N,JAM CAB CO,3800 N. MILWAUKEE AVE.,CHICAGO,IL,60641,4691Taxi,TOYOTA,CAMRY,2013,YELLOW,Yellow Cab Association,Owner Manager
259,Livery,7143,ACTIVE,Gasoline,N,YASA GLOBAL INC.,903 N. HALSTED ST.,CHICAGO,IL,60642,7143Livery,CHEVROLET,SUBURBAN,2017,BLACK,,
260,Taxi,5125,ACTIVE,Hybrid,N,ABRAR CORP.,9696 W. FOSTER AVE.,CHICAGO,IL,60656,5125Taxi,TOYOTA,CAMRY,2015,WHITE,Flash Cab Co,Owner-Operator
261,Ambulance,5544,INACTIVE,Gasoline,N,"MIDWEST MEDICAL SERVICE, INC.",5567 N. ELSTON AVE.,CHICAGO,IL,60630,5544Ambulance,FORD,E350,2002,WHITE,,
262,Ambulance,142802,RESERVED,Gasoline,N,FIRST CALL AMBULANCE SERVICE INC,1900 N. AUSTIN AVE.,CHICAGO,IL,60639,142802Ambulance,FORD,E350,2008,YELLOW,,
263,Taxi,6988,INACTIVE,Gasoline,N,CITY OF CHICAGO BACP,2350 W. OGDEN AVE.,CHICAGO,IL,60608,6988Taxi,,,,,,
264,Medicar,17240,ACTIVE,Gasoline,N,SECURE TRANSPORTATION COMPANY OF ILLINOIS LLC,318 W. ADAMS ST.,CHICAGO,IL,60606,17240Medicar,FORD,FUSION,2016,WHITE,,
265,Livery,7507,ACTIVE,Gasoline,N,NEMER S. ALKHAWALDEH,1621 N. SAYRE AVE.,CHICAGO,IL,60707,7507Livery,CHEVROLET,TAHOE,2015,BLACK,,
266,Taxi,1117,VIOLATION,Hybrid,N,COLLINS HACKING CORP.,3800 N. MILWAUKEE AVE.,CHICAGO,IL,60641,1117Taxi,TOYOTA,PRIUS,2013,CREAM/BLUE,Blue Diamond Taxi Affil Inc,"Taxi Medallion Management, LLC"
267,Medicar,17242,ACTIVE,Gasoline,N,SECURE TRANSPORTATION COMPANY OF ILLINOIS LLC,318 W. ADAMS ST.,CHICAGO,IL,60606,17242Medicar,FORD,FUSION,2016,WHITE,,
268,Charter Sightseeing,11163,ACTIVE,Gasoline,N,"TRT TRANSPORTATION, INC.",4400 S. RACINE AVE.,CHICAGO,IL,60609,11163Charter Sightseeing,ALEXANDER,,2001,RED,,
269,Livery,8757,ACTIVE,Gasoline,N,"WINDY CITY LIMOUSINE COMPANY, LLC",120 W. MADISON ST.,CHICAGO,IL,60602,8757Livery,CADILLAC,ESCALADE,2018,BLACK,,
270,Livery,8374,ACTIVE,Gasoline,N,HALAMAN LIMO INC.,4939 N. KILPATRICK AVE.,CHICAGO,IL,60630,8374Livery,CADILLAC,ESCALADE,2015,BLACK,,
271,Taxi,5029,ACTIVE,Flex Fuel,N,OKUNDAYE & SONS CO,4118 W. LAWRENCE AVE.,CHICAGO,IL,60630,5029Taxi,TOYOTA,SIENNA,2015,WHITE,Globe Taxi Association Inc,Owner Manager
272,Livery,7580,ACTIVE,Gasoline,N,ONE CLICK SOLUTIONS INC.,5550 N. ELSTON AVE.,CHICAGO,IL,60630,7580Livery,LEXUS,GX460,2020,BLACK,,
273,Medicar,9081,ACTIVE,Gasoline,N,RNC LOGISTICS LLC,6833 S. CLAREMONT AVE.,CHICAGO,IL,60636,9081Medicar,DODGE,CARAVAN,2019,BLACK,,
274,Taxi,5949,SURRENDER,Hybrid,N,R & J CAB CO,9696 W. FOSTER AVE.,CHICAGO,IL,60656,5949Taxi,TOYOTA,PRIUS,2013,WHITE,Flash Cab Co,Owner Manager
275,Livery,7172,ACTIVE,Gasoline,N,LINKTRADE LTD,1775 W. HIGHLAND AVE.,CHICAGO,IL,60660,7172Livery,CHEVROLET,SUBURBAN,2016,BLACK,,
276,Medicar,8240,ACTIVE,Gasoline,N,SECURE TRANSPORTATION COMPANY OF ILLINOIS LLC,318 W. ADAMS ST.,CHICAGO,IL,60606,8240Medicar,FORD,T150,2016,WHITE,,
277,Medicar,2809,INACTIVE,Gasoline,N,"MIDWEST MEDICAL SERVICE, INC.",5567 N. ELSTON AVE.,CHICAGO,IL,60630,2809Medicar,FORD,E150,2010,WHITE,,
278,Pedicab,76,ACTIVE,Pedal,N,EMPIRE PEDICAB LLC,318 W. ADAMS ST.,CHICAGO,IL,60606,76Pedicab,MAINSTREET,CLASSIC,0,RED/BLACK,,
279,Medicar,8238,INACTIVE,Gasoline,N,SECURE TRANSPORTATION COMPANY OF ILLINOIS LLC,318 W. ADAMS ST.,CHICAGO,IL,60606,8238Medicar,FORD,T150,2016,WHITE,,
280,Taxi,6090,VIOLATION,Hybrid,N,ANKOBER INC,6550 N. CLARK ST.,CHICAGO,IL,60626,6090Taxi,TOYOTA,PRIUS,2013,GRAY/WHITE,Choice Taxi Association Inc,Owner Manager
281,Taxi,1855,SURRENDER,Flex Fuel,Y,FTELIA TAXI INC,9696 W. FOSTER AVE.,CHICAGO,IL,60618,1855Taxi,DODGE,CARAVAN,2016,WHITE,Flash Cab Co,Owner Manager
282,Charter Sightseeing,11808,INACTIVE,Gasoline,N,BIG DOG LIMOUSINE SERVICES INC.,9514 W. LAWRENCE AVE.,SCHILLER PARK,IL,60176,11808Charter Sightseeing,LINCOLN,NAVIGATOR,2008,WHITE,,
283,Taxi,540,FORECLOSURE,Compressed Natural Gas,Y,LIBRA TAXI INC,6500 N. WESTERN AVE.,CHICAGO,IL,60645,540Taxi,DODGE,CARAVAN,2012,GREEN,TAXI TOWN AFFILIA,"Medallion Leasing and Management, Inc."
284,Livery,7942,ACTIVE,Gasoline,N,CHICAGO EMPIRE LIMOUSINE INC,815 S. WESTERN AVE.,CHICAGO,IL,60612,7942Livery,LINCOLN,MKT,2016,BLACK,,
285,Livery,9700,ACTIVE,Gasoline,N,LAKEVIEW LIMOUSINE INC,3233 W. OLIVE AVE.,CHICAGO,IL,60659,9700Livery,CHEVROLET,SUBURBAN,2016,BLACK,,
286,Taxi,5897,SURRENDER,Gasoline,N,TOP TOP TAXI INC,3800 N. MILWAUKEE AVE.,CHICAGO,IL,60641,5897Taxi,TOYOTA,HIGHLANDER,2019,YELLOW,Yellow Cab Association,Owner-Operator
287,Taxi,3401,ACTIVE,Hybrid,N,ELIAS TAXI II LLC,9696 W. FOSTER AVE.,CHICAGO,IL,60656,3401Taxi,TOYOTA,CAMRY,2013,WHITE,Flash Cab Co,"Masters Medallion Management, LLC"
288,Taxi,4619,SURRENDER,Hybrid,N,NNNM CAB CO,4020 W. GLENLAKE AVE.,CHICAGO,IL,60646,4619Taxi,TOYOTA,CAMRY,2014,WHITE/BLUE/STRIPES,Blue Ribbon Assn Inc,Owner-Operator
289,Taxi,1338,VIOLATION,Hybrid,N,KILLER DOG CAB CORP,2617 S. WABASH AVE.,CHICAGO,IL,60616,1338Taxi,FORD,ESCAPE,2012,MAROON/GOLD/STRIPES,Royal 3 Ccc Chicago Taxi Assoc,Chicago Elite Cab Corp.
290,Medicar,8446,INACTIVE,Gasoline,N,"SCR MEDICAL TRANSPORTATION, INC.",8801 S. GREENWOOD AVE.,CHICAGO,IL,60619,8446Medicar,FORD,E350,2010,WHITE,,
291,Ambulance,794916,ACTIVE,Gasoline,N,TRACE AMBULANCE INC,8400 W. 183RD PL.,TINLEY PARK,IL,60487,794916Ambulance,FORD,TRANSIT,2018,WHITE,,
292,Ambulance,4873,INACTIVE,Gasoline,N,TOWER AMBULANCE,5567 N. ELSTON AVE.,CHICAGO,IL,60630,4873Ambulance,,,,,,
293,Taxi,4036,SURRENDER,Hybrid,N,PADO CAB INC.,3800 N. MILWAUKEE AVE.,CHICAGO,IL,60641,4036Taxi,TOYOTA,CAMRY,2012,WHITE,DIS-AFFILIATED,Owner Manager
294,Livery,9400,ACTIVE,Gasoline,N,TRUPT CORP.,2140  ALMA LN.,LISLE,IL,60532,9400Livery,LINCOLN,CONTINENTAL,2020,BLACK,,
295,Livery,8163,VIOLATION,Gasoline,N,BEST-WAY LIMOUSINE SERVICE INC.,4709 N. MAPLEWOOD AVE.,CHICAGO,IL,60625,8163Livery,LINCOLN,NAVIGATOR,2018,BLACK,,
296,Ambulance,872521,VIOLATION,Gasoline,N,1ST RESPONSE EMS INC.,6027 S. WENTWORTH AVE.,CHICAGO,IL,60621,872521Ambulance,FORD,E350,2013,WHITE,,
297,Livery,9762,ACTIVE,Gasoline,N,JK & HK CORPORATION,6417 N. KEDZIE AVE.,CHICAGO,IL,60645,9762Livery,CHEVROLET,SUBURBAN,2018,BLACK,,
298,Taxi,5188,ACTIVE,Gasoline,Y,"JBL EXPRESS II, INC.",4626 W. CORNELIA AVE.,CHICAGO,IL,60641,5188Taxi,TOYOTA,SIENNA,2019,BLUE/WHITE,Sun Taxi Association Inc,"Sun Financial Services, Inc."
299,Medicar,8241,ACTIVE,Gasoline,N,SECURE TRANSPORTATION COMPANY OF ILLINOIS LLC,318 W. ADAMS ST.,CHICAGO,IL,60606,8241Medicar,FORD,T150,2016,WHITE,,
300,Taxi,2722,VIOLATION,Gasoline,N,ORIENT TAXI INC.,5765 N. LINCOLN AVE.,CHICAGO,IL,60659,2722Taxi,TOYOTA,SIENNA,2018,GREEN,Independent1,Owner-Operator
301,Ambulance,794924,ACTIVE,Gasoline,N,TRACE AMBULANCE INC,8400 W. 183RD PL.,TINLEY PARK,IL,60487,794924Ambulance,FORD,TRANSIT,2018,WHITE,,
302,Ambulance,5495,INACTIVE,Gasoline,N,"BLACKHAWK MEDICAL TRANSPORTATION, INC",8400 W. 183RD ST.,TINLEY PARK,IL,60477,5495Ambulance,FORD,VAN,1999,,,
303,Taxi,5222,VIOLATION,Hybrid,N,ALEM INC.,6550 N. CLARK ST.,CHICAGO,IL,60626,5222Taxi,TOYOTA,PRIUS,2013,GRAY/WHITE,Choice Taxi Association Inc,Owner-Operator
304,Taxi,5276,VIOLATION,Hybrid,N,IMC CAB CORP,3800 N. MILWAUKEE AVE.,CHICAGO,IL,60641,5276Taxi,TOYOTA,CAMRY,2014,YELLOW,Yellow Cab Association,"Taxi Works, LLC"
305,Charter Sightseeing,17654,INACTIVE,Gasoline,N,CHICAGO BUS RENTAL INC,1 S. DEARBORN ST.,CHICAGO,IL,60603,17654Charter Sightseeing,FORD,E450,2015,WHITE,,
306,Livery,7352,ACTIVE,Gasoline,N,MONSURATE INC.,4920 N. MARINE DR.,CHICAGO,IL,60640,7352Livery,CHEVROLET,SUBURBAN,2018,BLACK,,
307,Livery,9218,RESERVED,Gasoline,N,ATLAS LIMOUSINE  SERVICE,4908 W. ARGYLE ST.,CHICAGO,IL,60630,9218Livery,LINCOLN,MKS,2014,BLACK,,
308,Charter Sightseeing,21407,ACTIVE,Gasoline,N,PREMIER TROLLEY INC,1900 N. AUSTIN AVE.,CHICAGO,IL,60639,21407Charter Sightseeing,FREIGHTLINER,M LINE SHUTTLE BUS,2001,WHITE/RED,,
309,Taxi,6555,VIOLATION,Gasoline,N,DEKA CAB CORP,4536 N. ELSTON AVE.,CHICAGO,IL,60630,6555Taxi,DODGE,GRAND CARAVAN,2016,WHITE,DIS-AFFILIATED,Star North Management LLC
310,Ambulance,726804,RESERVED,Gasoline,N,ELITE MEDICAL TRANSPORTATION LLC,11551  184TH PL.,ORLAND PARK,IL,60467,726804Ambulance,FORD,E350,2010,WHITE,,
311,Taxi,6298,SURRENDER,Hybrid,N,DHALIWAL EXPRESS INC.,4118 W. LAWRENCE AVE.,CHICAGO,IL,60630,6298Taxi,TOYOTA,CAMRY,2013,WHITE,Globe Taxi Association Inc,Owner Manager
312,Medicar,18508,INACTIVE,Gasoline,N,ALC MEDICAL TRANSPORTATION,8645 S. CREGIER AVE.,CHICAGO,IL,60617,18508Medicar,DODGE,CARAVAN,2014,BLACK,,
313,Ambulance,794927,ACTIVE,Gasoline,N,TRACE AMBULANCE INC,8400 W. 183RD PL.,TINLEY PARK,IL,60487,794927Ambulance,FORD,TRANSIT,2019,WHITE,,
314,Charter Sightseeing,17655,INACTIVE,Gasoline,N,CHICAGO BUS RENTAL INC,1 S. DEARBORN ST.,CHICAGO,IL,60603,17655Charter Sightseeing,FORD,E450,2015,WHITE,,
315,Medicar,16841,ACTIVE,Gasoline,N,ANA ROSARIO GENTIL,5142 S. MCVICKER AVE.,CHICAGO,IL,60638,16841Medicar,HONDA,ODYSSEY,2003,SILVER,,
316,Taxi,5767,VIOLATION,Flex Fuel,N,PEACE AND LOVE CAB CORP.,4626 W. CORNELIA AVE.,CHICAGO,IL,60641,5767Taxi,DODGE,GRAND CARAVAN,2012,BLUE/WHITE,Sun Taxi Association Inc,Owner-Operator
317,Livery,7520,ACTIVE,Gasoline,N,GW CORP.,1354 W. GEORGE ST.,CHICAGO,IL,60657,7520Livery,CHEVROLET,SUBURBAN,2018,BLACK,,
318,Livery,7525,RESERVED,Gasoline,N,BLACK CAR LEASING INC.,3700 S. ASHLAND AVE.,CHICAGO,IL,60609,7525Livery,CHEVROLET,SUBURBAN,2019,BLACK,,
319,Charter Sightseeing,17888,INACTIVE,Gasoline,N,CHICAGO BUS RENTAL INC,1 S. DEARBORN ST.,CHICAGO,IL,60603,17888Charter Sightseeing,FREIGHTLINER,M2 106,2017,WHITE,,
320,Charter Sightseeing,14820,INACTIVE,Gasoline,N,LIMO CORP OF CHICAGO INC,6166 W. HIGGINS AVE.,CHICAGO,IL,60630,14820Charter Sightseeing,MERCEDES,SPRINTER,2016,BLACK,,
321,Taxi,6557,VIOLATION,Hybrid,N,NATALIA TAXI CORP.,9696 W. FOSTER AVE.,CHICAGO,IL,60656,6557Taxi,TOYOTA,CAMRY,2014,WHITE,DIS-AFFILIATED,Owner Manager
322,Taxi,470,SURRENDER,Hybrid,N,MCCAB VIII CORP.,4626 W. CORNELIA AVE.,CHICAGO,IL,60641,470Taxi,TOYOTA,CAMRY,2015,BLUE/WHITE,Sun Taxi Association Inc,"Sun Financial Services, Inc."
323,Livery,7724,ACTIVE,Gasoline,N,MUSTABELLI LIMOUSINE SERVICE INC,1917 N. SAYRE AVE.,CHICAGO,IL,60707,7724Livery,CADILLAC,XTS,2019,BLACK,,
324,Livery,7509,ACTIVE,Gasoline,N,ASRAA INCORPORATED,6350 N. HOYNE AVE.,CHICAGO,IL,60659,7509Livery,CADILLAC,ESCALADE ESV,2020,BLACK,,
325,Pedicab,83,ACTIVE,Pedal,N,EASY RIDER PEDICAB LLC,2627 N. MILDRED AVE.,CHICAGO,IL,60614,83Pedicab,CUSTOM,CSM STYLE,2012,BLACK,,
326,Taxi,4692,VIOLATION,Hybrid,N,MR. TAXI INC.,4301 W. MONTROSE AVE.,CHICAGO,IL,60641,4692Taxi,TOYOTA,PRIUS,2014,ORANGE,WOLLEY TAXI,Owner Manager
327,Livery,7713,ACTIVE,Gasoline,N,HARRISON GLOBAL LLC,1836 S. WABASH AVE.,CHICAGO,IL,60616,7713Livery,CADILLAC,XTS,2018,BLACK,,
328,Medicar,9092,ACTIVE,Gasoline,N,A-TEC AMBULANCE INC,340  COMMERCE DR.,CRYSTAL LAKE,IL,60014,9092Medicar,FORD,TRANSIT,2018,WHITE,,
329,Taxi,6505,FORECLOSURE,Hybrid,N,RW CAB CORP,2738 W. FULTON ST.,CHICAGO,IL,60612,6505Taxi,TOYOTA,CAMRY,2012,WHITE,Ace Cab Association Inc,"Chicago Medallion Management, Corp."
330,Livery,7624,ACTIVE,Gasoline,N,"O'HARE-MIDWAY LIMOUSINE SERVICE, INC. NO. 2",180 N. LA SALLE ST.,CHICAGO,IL,60601,7624Livery,LINCOLN,NAVIGATOR,2018,BLACK,,
331,Taxi,4102,SURRENDER,Hybrid,N,ADAMS TAXI LLC,4536 N. ELSTON AVE.,CHICAGO,IL,60630,4102Taxi,FORD,FUSION,2018,BLUE,NORTHSTAR AFFILIATION,Star North Management LLC
332,Livery,9131,ACTIVE,Gasoline,N,LIMO ELITE INC,9817 S. CLYDE AVE.,CHICAGO,IL,60617,9131Livery,CADILLAC,ESCALADE ESV,2015,BLACK,,
333,Taxi,2854,VIOLATION,Hybrid,N,"CHICAGO POLO XIV, INC.",2617 S. WABASH AVE.,CHICAGO,IL,60616,2854Taxi,FORD,ESCAPE,2012,MAROON/GOLD/STRIPES,Royal 3 Ccc Chicago Taxi Assoc,Chicago Elite Cab Corp.
334,Ambulance,5490,INACTIVE,Gasoline,N,AMBULANCE TRANSPORTATION INC,8400 W. 183RD PL.,TINLEY PARK,IL,60487,5490Ambulance,FORD,E350,2010,WHITE/BLUE,,
335,Ambulance,794931,ACTIVE,Gasoline,N,TRACE AMBULANCE INC,8400 W. 183RD PL.,TINLEY PARK,IL,60487,794931Ambulance,FORD,TRANSIT,2018,WHITE,,
336,Livery,9421,ACTIVE,Gasoline,N,FERIGO LIVERY INC.,3341 N. BELL AVE.,CHICAGO,IL,60618,9421Livery,CADILLAC,ESCALADE ESV,2019,BLACK,,
337,Taxi,4784,SURRENDER,Gasoline,N,PURNI INC.,3800 N. MILWAUKEE AVE.,CHICAGO,IL,60641,4784Taxi,TOYOTA,COROLLA,2020,WHITE,DIS-AFFILIATED,Owner-Operator
338,Charter Sightseeing,16921,ACTIVE,Gasoline,N,PREMIER TROLLEY INC,1900 N. AUSTIN AVE.,CHICAGO,IL,60639,16921Charter Sightseeing,BOYERTOWN,TROLLEY,1988,RED,,
339,Taxi,5492,VIOLATION,Flex Fuel,N,BUCKINGHAM CAB CO.,3800 N. MILWAUKEE AVE.,CHICAGO,IL,60641,5492Taxi,DODGE,CARAVAN,2013,YELLOW,Yellow Cab Association,Owner Manager
340,Taxi,403,REVOKED,Gasoline,Y,HANDY CAB TAXI CORP.,9696 W. FOSTER AVE.,CHICAGO,IL,60656,403Taxi,DODGE,CARAVAN,2016,WHITE,DIS-AFFILIATED,"Chicago Medallion Management, Corp."
341,Taxi,6581,REVOKED,Hybrid,N,KARABOOM CAB CO INC,3800 N. MILWAUKEE AVE.,CHICAGO,IL,60641,6581Taxi,TOYOTA,CAMRY,2011,YELLOW,Yellow Cab Association,Owner Manager
342,Ambulance,5483,ACTIVE,Gasoline,N,AMBULANCE TRANSPORTATION INC,8400 W. 183RD PL.,TINLEY PARK,IL,60487,5483Ambulance,FORD,E350,2014,WHITE,,
343,Taxi,4887,SURRENDER,Hybrid,N,ZAKS TRANS INC,3800 N. MILWAUKEE AVE.,CHICAGO,IL,60641,4887Taxi,TOYOTA,CAMRY,2013,WHITE,DIS-AFFILIATED,Owner Manager
344,Charter Sightseeing,17289,ACTIVE,Gasoline,N,JANESSA MARIE JUSINO,3231 N. KEATING AVE.,CHICAGO,IL,60641,17289Charter Sightseeing,FORD,E450,1999,WHITE,,
345,Charter Sightseeing,20234,RESERVED,Gasoline,N,LUX DRYVE INC,5550 N. ELSTON AVE.,CHICAGO,IL,60630,20234Charter Sightseeing,MERCEDES,BENZ,2014,BLACK,,
346,Taxi,593,SURRENDER,Compressed Natural Gas,Y,SLSJETS III CAB CORP.,2617 S. WABASH AVE.,CHICAGO,IL,60616,593Taxi,VPG,MV-1,2012,MAROON/GOLD/STRIPES,Royal 3 Ccc Chicago Taxi Assoc,Chicago Elite Cab Corp.
347,Taxi,5583,SURRENDER,Gasoline,Y,SHEUN VENTURES INC,3800 N. MILWAUKEE AVE.,CHICAGO,IL,60641,5583Taxi,TOYOTA,SIENNA,2020,WHITE,DIS-AFFILIATED,Owner-Operator
348,Taxi,5621,VIOLATION,Hybrid,N,MALLAM CAB CO,3800 N. MILWAUKEE AVE.,CHICAGO,IL,60641,5621Taxi,TOYOTA,CAMRY,2012,WHITE,DIS-AFFILIATED,Owner Manager
349,Charter Sightseeing,13009,INACTIVE,Diesel,N,JKS LIMOUSINES LLC.,120 W. MADISON ST.,CHICAGO,IL,60602,13009Charter Sightseeing,FREIGHLINE,M2 106,2016,BLACK,,
350,Charter Sightseeing,16922,ACTIVE,Gasoline,N,PREMIER TROLLEY INC,1900 N. AUSTIN AVE.,CHICAGO,IL,60639,16922Charter Sightseeing,BOYERTOWN,TROLLEY,1985,RED/WHITE,,
351,Taxi,1345,ACTIVE,Hybrid,N,CORPORAL CAB CO,1834 N. DAMEN AVE.,CHICAGO,IL,60647,1345Taxi,TOYOTA,PRIUS,2014,WHITE,Flash Cab Co,Chicago Taxicab Management Inc.
352,Taxi,146,VIOLATION,Hybrid,N,SABINA CAB INC.,6550 N. CLARK ST.,CHICAGO,IL,60626,146Taxi,TOYOTA,PRIUS,2013,GRAY/WHITE,Choice Taxi Association Inc,Owner-Operator
353,Livery,8582,ACTIVE,Gasoline,N,MIA BRASOV LTD,1630 W. HIGHLAND AVE.,CHICAGO,IL,60660,8582Livery,CHEVROLET,SUBURBAN,2016,BLACK,,
354,Livery,8050,INACTIVE,Gasoline,N,LUX LIMOZ LLC,15 S. RACINE AVE.,CHICAGO,IL,60607,8050Livery,MERCEDES,E350,2015,BLACK,,
355,Livery,7105,ACTIVE,Gasoline,N,AL LIMO & TRANSPORTATION INC,5044 N. DELPHIA AVE.,CHICAGO,IL,60656,7105Livery,CADILLAC,ESCALADE,2019,BLACK,,
356,Taxi,281,VIOLATION,Hybrid,N,MEDALLION FUNDING CHICAGO CORP,2617 S. WABASH AVE.,CHICAGO,IL,60616,281Taxi,FORD,ESCAPE,2012,MAROON/BLUE/STRIPES,Chicago Carriage Cab,Chicago Elite Cab Corp.
357,Taxi,6559,VIOLATION,Hybrid,N,PARK AVENUE TAXI CORP.,9696 W. FOSTER AVE.,CHICAGO,IL,60656,6559Taxi,TOYOTA,CAMRY,2014,WHITE,DIS-AFFILIATED,Owner Manager
358,Taxi,33,SURRENDER,Hybrid,N,BEBE VICTOR INC,3800 N. MILWAUKEE AVE.,CHICAGO,IL,60641,33Taxi,TOYOTA,PRIUS,2015,YELLOW,Yellow Cab Association,Owner Manager
359,Taxi,2752,SURRENDER,Hybrid,N,2752 TAXI CORP.,5200 N. OTTO AVE.,CHICAGO,IL,60656,2752Taxi,TOYOTA,CAMRY,2012,WHITE,Flash Cab Co,Owner Manager
360,Taxi,223,FORECLOSURE,Hybrid,N,FLORINA INC.,6500 N. WESTERN AVE.,CHICAGO,IL,60645,223Taxi,FORD,FUSION,2014,GREEN,TAXI TOWN AFFILIA,"Medallion Leasing and Management, Inc."
361,Taxi,1428,VIOLATION,Hybrid,N,TAXI 4 YOU INC,3800 N. MILWAUKEE AVE.,CHICAGO,IL,60641,1428Taxi,TOYOTA,CAMRY,2017,YELLOW,Yellow Cab Association,Owner Manager
362,Taxi,3694,VIOLATION,Hybrid,N,LINCOLNSHIRE SERVICE CORP.,3801 N. ELSTON AVE.,CHICAGO,IL,60618,3694Taxi,TOYOTA,PRIUS,2014,BLACK/WHITE,NOVA TAXI,Owner Manager
363,Livery,7294,ACTIVE,Gasoline,N,HS SEVEN HILLS CO.INC.,7221 W. SUMMERDALE AVE.,CHICAGO,IL,60656,7294Livery,LINCOLN,MKS,2016,BLACK,,
364,Taxi,1810,SURRENDER,Hybrid,N,RUBEN TRANS INC.,5415 N. SHERIDAN RD.,CHICAGO,IL,60640,1810Taxi,TOYOTA,CAMRY,2017,WHITE/BLACK/STRIPES,Independent1,Owner-Operator
365,Taxi,3044,SURRENDER,Hybrid,N,"CHICAGO POLO XV, INC.",2617 S. WABASH AVE.,CHICAGO,IL,60616,3044Taxi,FORD,ESCAPE,2012,MAROON/GOLD/STRIPES,Royal 3 Ccc Chicago Taxi Assoc,Chicago Elite Cab Corp.
366,Taxi,861,ACTIVE,Hybrid,N,NECT 34 LLC,6500 N. WESTERN AVE.,CHICAGO,IL,60645,861Taxi,TOYOTA,CAMRY,2014,GREEN,TAXI TOWN AFFILIA,"Medallion Leasing and Management, Inc."
367,Pedicab,84,ACTIVE,Pedal,N,EASY RIDER PEDICAB LLC,2627 N. MILDRED AVE.,CHICAGO,IL,60614,84Pedicab,CUSTOM,CSM STYLE,2012,BLACK,,
368,Taxi,2443,VIOLATION,Hybrid,N,CELTIC TAXI LLC,4536 N. ELSTON AVE.,CHICAGO,IL,60630,2443Taxi,NISSAN,ALTIMA,2011,ORANGE/BLUE,Dispatch Taxi Affil,Owner Manager
369,Livery,9409,ACTIVE,Gasoline,N,JK & HK CORPORATION,6417 N. KEDZIE AVE.,CHICAGO,IL,60645,9409Livery,CHEVROLET,SUBURBAN,2017,BLACK,,
370,Charter Sightseeing,12271,INACTIVE,Gasoline,N,CEZAR GABRIEL TATARU,4101 N. DICKINSON AVE.,CHICAGO,IL,60641,12271Charter Sightseeing,TURTLE TOP,,2008,WHITE,,
371,Taxi,1328,VIOLATION,Hybrid,N,KILLER DOG CAB CORP,2617 S. WABASH AVE.,CHICAGO,IL,60616,1328Taxi,FORD,ESCAPE,2012,MAROON/GOLD/STRIPES,Royal 3 Ccc Chicago Taxi Assoc,Chicago Elite Cab Corp.
372,Taxi,1581,SURRENDER,Hybrid,N,ABDULLAH CAB CO,9696 W. FOSTER AVE.,CHICAGO,IL,60656,1581Taxi,TOYOTA,CAMRY,2015,WHITE,Flash Cab Co,Owner Manager
373,Taxi,5506,VIOLATION,Hybrid,N,LINCOLNSHIRE SERVICE CORP.,3801 N. ELSTON AVE.,CHICAGO,IL,60618,5506Taxi,TOYOTA,PRIUS,2013,BLACK/WHITE,NOVA TAXI,Owner Manager
374,Taxi,6605,VIOLATION,Hybrid,N,YORK AVENUE TAXI CORP.,9696 W. FOSTER AVE.,CHICAGO,IL,60656,6605Taxi,TOYOTA,CAMRY,2013,WHITE,DIS-AFFILIATED,"Chicago Medallion Management, Corp."
375,Charter Sightseeing,18845,ACTIVE,Gasoline,N,PREMIER TROLLEY INC,1900 N. AUSTIN AVE.,CHICAGO,IL,60639,18845Charter Sightseeing,OSHKOSH,SHUTTLE,1992,RED,,
376,Livery,8335,ACTIVE,Gasoline,N,BASHA INTERNATIONAL SERVICES CORP.,3211 W. BRYN MAWR AVE.,CHICAGO,IL,60659,8335Livery,LINCOLN,CONTINENTAL,2019,BLACK,,
377,Taxi,167,SURRENDER,Hybrid,N,MCCAB VI CORP.,4626 W. CORNELIA AVE.,CHICAGO,IL,60641,167Taxi,TOYOTA,CAMRY,2011,BLUE/WHITE,Sun Taxi Association Inc,"Sun Financial Services, Inc."
378,Taxi,1238,VIOLATION,Hybrid,N,YC21 LLC,3800 N. MILWAUKEE AVE.,CHICAGO,IL,60641,1238Taxi,TOYOTA,CAMRY,2016,YELLOW,Yellow Cab Association,"Masters Medallion Management, LLC"
379,Taxi,6205,VIOLATION,Hybrid,N,CHOICE ENTERPRISE INC.,6550 N. CLARK AVE.,CHICAGO,IL,60626,6205Taxi,FORD,ESCAPE,2011,GRAY/WHITE,Choice Taxi Association Inc,Choice Taxi Association
380,Livery,7018,ACTIVE,Gasoline,N,DDSSBOS LLC,1836 S. WABASH AVE.,CHICAGO,IL,60616,7018Livery,CADILLAC,XTS,2018,BLACK,,
381,Taxi,2220,VIOLATION,Hybrid,N,VEL CAB CO,5623 N. BERNARD ST.,CHICAGO,IL,60659,2220Taxi,TOYOTA,CAMRY,2013,WHITE/BLACK/STRIPES,Independent1,Owner-Operator
382,Taxi,1840,ACTIVE,Gasoline,N,"J.R.J. EXPRESS, INC.",4118 W. LAWRENCE AVE.,CHICAGO,IL,60630,1840Taxi,TOYOTA,RAV4,2013,WHITE,Globe Taxi Association Inc,Owner-Operator
383,Taxi,5707,SURRENDER,Hybrid,N,DEFIANCE TAXI LLC,3800 N. MILWAUKEE AVE.,CHICAGO,IL,60641,5707Taxi,TOYOTA,CAMRY,2014,WHITE,DIS-AFFILIATED,"Chicago Medallion Management, Corp."
384,Medicar,21009,ACTIVE,Gasoline,N,MY TRAVEL GUY INC.,1645 S. PRAIRIE AVE.,CHICAGO,IL,60616,21009Medicar,MERCEDES,METRIS,2018,BLACK,,
385,Taxi,2329,VIOLATION,Hybrid,N,IGAL CAB CORP.,2617 S. WABASH AVE.,CHICAGO,IL,60616,2329Taxi,FORD,ESCAPE,2012,WHITE,DIS-AFFILIATED,Chicago Elite Cab Corp.
386,Ambulance,5713,RESERVED,Gasoline,N,MIDWEST AMBULANCE LLC,8111  ST LOUIS AVE.,SKOKIE,IL,60076,5713Ambulance,FORD,E350,2010,BLUE,,
387,Taxi,2392,SURRENDER,Hybrid,N,JUHI INC,9696 W. FOSTER AVE.,CHICAGO,IL,60656,2392Taxi,TOYOTA,CAMRY,2013,WHITE,Flash Cab Co,Owner Manager
388,Taxi,1497,SURRENDER,Hybrid,N,MIL'S ENTERPRIESES INC,9696 W. FOSTER AVE.,CHICAGO,IL,60656,1497Taxi,TOYOTA,CAMRY,2013,WHITE,5 Star Taxi Association Inc,Owner-Operator
389,Livery,7110,ACTIVE,Gasoline,N,USA LIMO GROUP INC,6428 N. FRANCISCO AVE.,CHICAGO,IL,60645,7110Livery,CADILLAC,ESCALADE ESV,2018,BLACK,,
390,Taxi,6438,VIOLATION,Hybrid,N,"HABTOM, INC",6550 N. CLARK ST.,CHICAGO,IL,60626,6438Taxi,TOYOTA,PRIUS,2012,GRAY/WHITE,Choice Taxi Association Inc,Owner Manager
391,Taxi,3390,SURRENDER,Hybrid,N,"C.M.C INVESTMENTS, INC",2601 W. PETERSON AVE.,CHICAGO,IL,60659,3390Taxi,TOYOTA,CAMRY,2012,WHITE,DIS-AFFILIATED,Medallion Management Corp.
392,Livery,9358,VIOLATION,Gasoline,N,EISASHOEBZOYA INC,6315 N. TALMAN AVE.,CHICAGO,IL,60659,9358Livery,LINCOLN,NAVIGATOR,2019,BLACK,,
393,Charter Sightseeing,15058,INACTIVE,Gasoline,N,CHASE LIMOUSINE LLC,500 N. MICHIGAN AVE.,CHICAGO,IL,60611,15058Charter Sightseeing,MERCEDES,SPRINTER,2013,BLACK,,
394,Charter Sightseeing,14175,INACTIVE,Gasoline,N,M & M LIMOUSINE SERVICE INC,233 S. WACKER DR.,CHICAGO,IL,60606,14175Charter Sightseeing,MERCEDES,SPRINTER,2012,BLACK,,
395,Taxi,2244,VIOLATION,Hybrid,N,RAHWA CAB CO,2601 W. PETERSON AVE.,CHICAGO,IL,60659,2244Taxi,TOYOTA,CAMRY,2017,WHITE,DIS-AFFILIATED,Owner Manager
396,Taxi,3229,SURRENDER,Hybrid,N,3229 TAXI CORP.,2601 W. PETERSON AVE.,CHICAGO,IL,60659,3229Taxi,TOYOTA,PRIUS,2012,WHITE,City Service Taxi Association,Medallion Management Corp.
397,Livery,7725,ACTIVE,Gasoline,N,"SAFA ASSOCIATES INC.,",2020 W. FARWELL AVE.,CHICAGO,IL,60645,7725Livery,LINCOLN,MKT,2018,BLACK,,
398,Taxi,5983,VIOLATION,Hybrid,N,FAITH EXPRESS INC,4542 N. BROADWAY,CHICAGO,IL,60640,5983Taxi,TOYOTA,RAV4,2016,GOLD,Gold Coast Taxi Assoc,Owner-Operator
399,Taxi,5289,VIOLATION,Hybrid,N,SUAD & DEAN INC,6550 N. CLARK ST.,CHICAGO,IL,60626,5289Taxi,TOYOTA,CAMRY,2015,GRAY/WHITE,Choice Taxi Association Inc,Owner-Operator
400,Livery,7739,ACTIVE,Gasoline,N,CHICAGO EXCELLENT LIMOUSINE SERVICES INC.,6330 N. CLARK ST.,CHICAGO,IL,60660,7739Livery,CHEVROLET,SUBURBAN,2018,BLACK,,
401,Taxi,4401,SURRENDER,Flex Fuel,N,FEMDOT INC,3800 N. MILWAUKEE AVE.,CHICAGO,IL,60641,4401Taxi,DODGE,CARAVAN,2013,WHITE,DIS-AFFILIATED,Owner Manager
402,Taxi,1617,SURRENDER,Hybrid,N,AMPLE SUN CAB CORP.,2617 S. WABASH AVE.,CHICAGO,IL,60616,1617Taxi,TOYOTA,PRIUS,2016,MAROON/GOLD/STRIPES,Royal 3 Ccc Chicago Taxi Assoc,Chicago Elite Cab Corp.
403,Taxi,661,VIOLATION,Hybrid,N,MEDALLION FUNDING CHICAGO CORP I,2945 W. PETERSON AVE.,CHICAGO,IL,60659,661Taxi,TOYOTA,CAMRY,2012,WHITE,Top Cab Association,Top Cab Corp.
404,Medicar,19833,ACTIVE,Gasoline,N,TRUE JOY INC.,10358 S. STATE ST.,CHICAGO,IL,60628,19833Medicar,FORD,FREESTAR,2004,BEIGE,,
405,Taxi,3934,ACTIVE,Hybrid,N,NECT 28 LLC,6500 N. WESTERN AVE.,CHICAGO,IL,60645,3934Taxi,TOYOTA,PRIUS,2014,GREEN,TAXI TOWN AFFILIA,"Medallion Leasing and Management, Inc."
406,Ambulance,808513,INACTIVE,Gasoline,N,ELITE MEDICAL TRANSPORTATION LLC,11551  184TH PL.,ORLAND PARK,IL,60467,808513Ambulance,FORD,E350,2014,WHITE,,
407,Livery,9506,ACTIVE,Gasoline,N,FLAMURTARI INCORPORATED,3954 N. MOBILE AVE.,CHICAGO,IL,60634,9506Livery,LINCOLN,NAVIGATOR,2020,BLACK,,
408,Taxi,1046,SURRENDER,Gasoline,Y,NEWOSBAR INC,9696 W. FOSTER AVE.,CHICAGO,IL,60656,1046Taxi,TOYOTA,SIENNA,2019,WHITE,Flash Cab Co,Owner Manager
409,Taxi,5813,ACTIVE,Hybrid,N,"TAXI MEDALLION GROUP, LLC - SERIES I",4175 N. ELSTON AVE.,CHICAGO,IL,60618,5813Taxi,TOYOTA,PRIUS,2015,YELLOW,Yellow Cab Association,"M & A Leasing, LLC"
410,Taxi,5947,VIOLATION,Hybrid,N,BANANA TAXI LLC,4536 N. ELSTON AVE.,CHICAGO,IL,60630,5947Taxi,FORD,C-MAX,2013,ORANGE/BLUE,Dispatch Taxi Affil,Owner Manager
411,Livery,9822,SURRENDER,Gasoline,N,ECHO LIMOUSINE INC,3821 N. NARRAGANSETT AVE.,CHICAGO,IL,60634,9822Livery,CHEVROLET,SUBURBAN,2015,BLACK,,
412,Livery,8100,ACTIVE,Gasoline,N,CHICAGO TOP LIMO CORPORATION,4506 N. KEDZIE AVE.,CHICAGO,IL,60625,8100Livery,LINCOLN,NAVIGATOR,2017,BLACK,,
413,Taxi,6097,VIOLATION,Gasoline,N,KWASEPO EXPRESS INC,3800 N. MILWAUKEE AVE.,CHICAGO,IL,60641,6097Taxi,TOYOTA,RAV4,2017,WHITE,DIS-AFFILIATED,Owner Manager
414,Livery,8815,ACTIVE,Gasoline,N,ECHO LIMOUSINE INC,3821 N. NARRAGANSETT AVE.,CHICAGO,IL,60634,8815Livery,LINCOLN,MKS,2016,BLACK,,
415,Taxi,6219,SURRENDER,Hybrid,N,GREEN SAGITTARIUS INC,2601 W. PETERSON AVE.,CHICAGO,IL,60659,6219Taxi,TOYOTA,PRIUS,2012,WHITE,DIS-AFFILIATED,Owner-Operator
416,Taxi,2613,VIOLATION,Hybrid,N,SUNRISE TAXI CORP.,9696 W. FOSTER AVE.,CHICAGO,IL,60656,2613Taxi,TOYOTA,CAMRY,2012,WHITE,DIS-AFFILIATED,"Chicago Medallion Management, Corp."
417,Ambulance,5540,INACTIVE,Gasoline,N,"MIDWEST MEDICAL SERVICE, INC.",5567 N. ELSTON AVE.,CHICAGO,IL,60630,5540Ambulance,FORD,E350,2008,WHITE,,
418,Livery,9713,ACTIVE,Gasoline,N,YOUR ROYAL LIMO INC,4740 N. CUMBERLAND AVE.,CHICAGO,IL,60656,9713Livery,CADILLAC,ESCALADE,2018,BLACK,,
419,Medicar,7844,INACTIVE,Gasoline,N,FAMILY FIRST TRANSPORTATION CORPORATION,6625 S. PEORIA ST.,CHICAGO,IL,60621,7844Medicar,,,,,,
420,Livery,7217,VIOLATION,Gasoline,N,YARR LIMOUSINE INC,1123 W. ROSEMONT AVE.,CHICAGO,IL,60660,7217Livery,CHEVROLET,SUBURBAN,2019,BLACK,,
421,Taxi,5644,VIOLATION,Hybrid,N,"LINCOLNSHIRE SERVICE II, CORP.",3801 N. ELSTON AVE.,CHICAGO,IL,60618,5644Taxi,TOYOTA,PRIUS,2012,BLACK/WHITE,NOVA TAXI,Owner Manager
422,Taxi,3127,VIOLATION,Hybrid,N,MET CAB COMPANY,8001 S. DR MARTIN LUTHER KING JR DR.,CHICAGO,IL,60619,3127Taxi,TOYOTA,CAMRY,2011,RED/CREAM,King Drive Cab Affiliation Inc,Owner Manager
423,Taxi,6142,VIOLATION,Hybrid,N,LEXINGTON TAXI CORP.,3800 N. MILWAUKEE AVE.,CHICAGO,IL,60641,6142Taxi,TOYOTA,PRIUS,2015,WHITE,DIS-AFFILIATED,"Chicago Medallion Management, Corp."
424,Taxi,2715,VIOLATION,Gasoline,Y,OTUMFOU CORP.,3800 N. MILWAUKEE AVE.,CHICAGO,IL,60641,2715Taxi,TOYOTA,SIENNA,2019,YELLOW,Yellow Cab Association,Owner Manager
425,Ambulance,5476,ACTIVE,Gasoline,N,AMBULANCE TRANSPORTATION INC,8400 W. 183RD PL.,TINLEY PARK,IL,60487,5476Ambulance,FORD,TRANSIT,2019,WHITE/BLUE,,
426,Livery,7762,ACTIVE,Gasoline,N,OSCAR SERVICE INC.,3931 N. PANAMA AVE.,CHICAGO,IL,60634,7762Livery,LINCOLN,MKT,2015,BLACK,,
427,Livery,7911,ACTIVE,Gasoline,N,OZAY LLC,5332 W. WINDSOR AVE.,CHICAGO,IL,60630,7911Livery,LINCOLN,NAVIGATOR,2017,BLACK,,
428,Charter Sightseeing,19239,ACTIVE,Gasoline,N,CONSTANTIN ILINESCU,8645 W. CATHERINE AVE.,CHICAGO,IL,60656,19239Charter Sightseeing,FORD,TRANSIT,2018,BLACK,,
429,Livery,9683,ACTIVE,Gasoline,N,FENIKS UNITED INC,5310 N. CHESTER AVE.,CHICAGO,IL,60656,9683Livery,LINCOLN,NAVIGATOR,2016,BLACK,,
430,Pedicab,141,ACTIVE,Pedal,N,PEDICAB RIDE GUYS LLC,3933 N. CLARENDON AVE.,CHICAGO,IL,60613,141Pedicab,VIP,VIP,2018,BLUE/WHITE,,
431,Taxi,6566,SURRENDER,Hybrid,N,J J B B INC,4020 W. GLENLAKE AVE.,CHICAGO,IL,60646,6566Taxi,NISSAN,ALTIMA,2011,WHITE/BLUE/STRIPES,Blue Ribbon Assn Inc,"Cab Management Group, Inc."
432,Taxi,2162,REVOKED,Hybrid,N,AZA EXPRESS INC,9696 W. FOSTER AVE.,CHICAGO,IL,60656,2162Taxi,TOYOTA,PRIUS,2012,WHITE,DIS-AFFILIATED,Owner Manager
433,Pedicab,111,ACTIVE,Pedal,N,DANIEL KERRIGAN,1015 N. HALSTED ST.,CHICAGO,IL,60642,111Pedicab,MAINSTREET,BROADWAY,2013,BLACK,,
434,Charter Sightseeing,19825,ACTIVE,Gasoline,N,PREMIER TROLLEY INC,1900 N. AUSTIN AVE.,CHICAGO,IL,60639,19825Charter Sightseeing,FREIGHTLINER,NONE,1996,RED/BLUE,,
435,Livery,9635,INACTIVE,Gasoline,N,LIMOZONE INC.,659 W. DIVISION ST.,CHICAGO,IL,60610,9635Livery,CHEVROLET,SUBURBAN,2016,BLACK,,
436,Taxi,5970,SURRENDER,Hybrid,N,SST CAB CO,4020 W. GLENLAKE AVE.,CHICAGO,IL,60646,5970Taxi,TOYOTA,PRIUS,2013,WHITE/BLUE/STRIPES,Blue Ribbon Assn Inc,"Cab Management Group, Inc."
437,Taxi,2871,FORECLOSURE,Hybrid,N,SHAUN JR TAXI INC,2617 S. WABASH AVE.,CHICAGO,IL,60616,2871Taxi,FORD,ESCAPE,2012,WHITE,DIS-AFFILIATED,Owner Manager
438,Taxi,6475,SURRENDER,Hybrid,N,VALASIA  CAB CO.,4536 N. ELSTON AVE.,CHICAGO,IL,60630,6475Taxi,TOYOTA,CAMRY,2016,BLUE,NORTHSTAR AFFILIATION,Star North Management LLC
439,Taxi,5563,SURRENDER,Hybrid,N,ANS TAXI INC,5416 N. BROADWAY,CHICAGO,IL,60640,5563Taxi,TOYOTA,CAMRY,2013,BLUE,24 Seven Taxi Affiliaton,Owner-Operator
440,Livery,9617,ACTIVE,Gasoline,N,UNITED LIMOUSINE AND SEDAN SERVICE INC,321 N. CLARK ST.,CHICAGO,IL,60654,9617Livery,LINCOLN,MKT,2019,BLACK,,
441,Horse Drawn Carriage,42,INACTIVE,Horse,N,COACH HORSE LIVERY LIMITED,1410 N. ORLEANS ST.,CHICAGO,IL,60610,42Horse Drawn Carriage,ANDERSON,COACH,,,,
442,Taxi,4787,ACTIVE,Hybrid,N,RENY CAB CO,6207 W. CUYLER AVE.,CHICAGO,IL,60634,4787Taxi,TOYOTA,PRIUS,2014,SILVER/BLACK,Independent1,Owner-Operator
443,Taxi,490,VIOLATION,Hybrid,N,MEDALLION FUNDING CHICAGO CORP,2617 S. WABASH AVE.,CHICAGO,IL,60616,490Taxi,FORD,ESCAPE,2012,MAROON/BLUE/STRIPES,Chicago Carriage Cab,Chicago Elite Cab Corp.
444,Livery,7240,ACTIVE,Gasoline,N,DANAYAL LIMOUSINE INC.,3530 W. PETERSON AVE.,CHICAGO,IL,60659,7240Livery,LINCOLN,CONTINENTAL,2019,BLACK,,
445,Taxi,4245,SURRENDER,Hybrid,N,NEW PISCES INC.,6500 N. WESTERN AVE.,CHICAGO,IL,60645,4245Taxi,FORD,FUSION,2012,GREEN,TAXI TOWN AFFILIA,"Medallion Leasing and Management, Inc."
446,Taxi,3616,SURRENDER,Hybrid,N,USMAN CAB CO,9696 W. FOSTER AVE.,CHICAGO,IL,60656,3616Taxi,TOYOTA,CAMRY,2013,WHITE,Flash Cab Co,Owner-Operator
447,Taxi,6503,VIOLATION,Hybrid,N,N AND S TAXI INC.,6550 N. CLARK ST.,CHICAGO,IL,60626,6503Taxi,TOYOTA,CAMRY,2015,GRAY/WHITE,Choice Taxi Association Inc,Owner Manager
448,Charter Sightseeing,7306,INACTIVE,Gasoline,N,Always Medical Carrier Inc,6160 N. CICERO AVE.,CHICAGO,IL,60646,7306Charter Sightseeing,FORD,E350,1997,,,
449,Taxi,5756,VIOLATION,Hybrid,N,DOLFINA TAXI INC,2617 S. WABASH AVE.,CHICAGO,IL,60616,5756Taxi,FORD,ESCAPE,2012,WHITE,DIS-AFFILIATED,Owner Manager
450,Ambulance,731038,INACTIVE,Gasoline,N,KURTZ AMBULANCE SERVICE INC,1900  GARNET CT.,NEW LENOX,IL,60451,731038Ambulance,FORD,E350,2013,WHITE,,
451,Taxi,4741,SURRENDER,Flex Fuel,Y,CHICAGO MEDALLION FOUR LLC.,9696 W. FOSTER AVE.,CHICAGO,IL,60656,4741Taxi,DODGE,CARAVAN,2016,WHITE,Flash Cab Co,"Masters Medallion Management, LLC"
452,Taxi,3734,ACTIVE,Hybrid,N,LAKAB INC.,3800 N. MILWAUKEE AVE.,CHICAGO,IL,60641,3734Taxi,TOYOTA,CAMRY,2016,YELLOW,Yellow Cab Association,Owner-Operator
453,Taxi,3425,VIOLATION,Gasoline,N,SOMOZA EDOUARD,1341 W. THORNDALE AVE.,CHICAGO,IL,60660,3425Taxi,HONDA,CRV,2014,YELLOW,Yellow Cab Association,Owner-Operator
454,Taxi,4840,SURRENDER,Gasoline,Y,ALL FOUR SEASONS INC,9696 W. FOSTER AVE.,CHICAGO,IL,60656,4840Taxi,TOYOTA,SIENNA,2019,WHITE,Flash Cab Co,Owner-Operator
455,Taxi,3412,SURRENDER,Gasoline,N,3412 TAXI CORP,2532 W. WARREN BLVD.,CHICAGO,IL,60612,3412Taxi,TOYOTA,RAV4,2014,WHITE/BLACK/STRIPES,Independent1,Owner-Operator
456,Taxi,6251,VIOLATION,Hybrid,N,TAHIR'S CORP,3800 N. MILWAUKEE AVE.,CHICAGO,IL,60641,6251Taxi,TOYOTA,CAMRY,2015,WHITE,DIS-AFFILIATED,Owner Manager
457,Livery,7719,INACTIVE,Gasoline,N,HARRISON GLOBAL LLC,1836 S. WABASH AVE.,CHICAGO,IL,60616,7719Livery,CADILLAC,XTS,2014,BLACK,,
458,Livery,8550,INACTIVE,Gasoline,N,KALOYAN D PETROV,8510 W. GREGORY ST.,CHICAGO,IL,60656,8550Livery,CADILLAC,XTS,2016,BLACK,,
459,Taxi,5856,VIOLATION,Hybrid,N,"PARAMOUNT TAXI, INC",4020 W. GLENLAKE AVE.,CHICAGO,IL,60646,5856Taxi,TOYOTA,PRIUS,2013,BLUE/WHITE,Koam Taxi Association,"Cab Management Group, Inc."
460,Taxi,6675,VIOLATION,Flex Fuel,N,SAALA INC,9696 W. FOSTER AVE.,CHICAGO,IL,60656,6675Taxi,DODGE,CARAVAN,2016,WHITE,Flash Cab Co,Owner-Operator
461,Livery,7807,RESERVED,Gasoline,N,PREMIER FLEET CARS INC.,5550 N. ELSTON AVE.,CHICAGO,IL,60630,7807Livery,LINCOLN,MKT,2017,BLACK,,
462,Taxi,5187,SURRENDER,Hybrid,N,JOHAL CAB CO,9696 W. FOSTER AVE.,CHICAGO,IL,60656,5187Taxi,TOYOTA,CAMRY,2014,WHITE,Flash Cab Co,Owner Manager
463,Taxi,2044,VIOLATION,Hybrid,N,BVB TAXI LLC,4536 N. ELSTON AVE.,CHICAGO,IL,60630,2044Taxi,NISSAN,ALTIMA,2011,ORANGE/BLUE,Dispatch Taxi Affil,Owner Manager
464,Charter Sightseeing,15089,RESERVED,Gasoline,N,M & G TRANSPORTATION INC,3622 N. OZANAM AVE.,CHICAGO,IL,60634,15089Charter Sightseeing,FREIGHTLINER,M1235,2009,WHITE,,
465,Charter Sightseeing,10415,INACTIVE,Gasoline,N,MANUEL D. TAVAREZ,900 S. WABASH AVE.,CHICAGO,IL,60605,10415Charter Sightseeing,LINCOLN,NAVIGATOR,2007,WHITE,,
466,Livery,7403,ACTIVE,Gasoline,N,PREMIER LIMOUSINE SERVICE INC,2908 W. NORTH AVE.,CHICAGO,IL,60647,7403Livery,CHEVROLET,SUBURBAN,2015,BLACK,,
467,Taxi,2173,SURRENDER,Hybrid,N,IMAGE EXPRESS INC,3800 N. MILWAUKEE AVE.,CHICAGO,IL,60641,2173Taxi,TOYOTA,PRIUS,2014,CREAM/GREEN,Checker Taxi Association Co.,Owner Manager
468,Taxi,101,SURRENDER,Hybrid,N,J.B. 'S TAXI INC.,4626 W. CORNELIA AVE.,CHICAGO,IL,60641,101Taxi,TOYOTA,CAMRY,2016,BLUE/WHITE,Sun Taxi Association Inc,"Sun Financial Services, Inc."
469,Taxi,6506,SURRENDER,Hybrid,N,EKB TAXI LLC,2532 W. WARREN BLVD.,CHICAGO,IL,60612,6506Taxi,FORD,ESCAPE,2012,WHITE/BLACK/STRIPES,Independent1,Owner-Operator
470,Taxi,3835,SURRENDER,Hybrid,N,FIRST KARACHI INC,9696 W. FOSTER AVE.,CHICAGO,IL,60656,3835Taxi,TOYOTA,CAMRY,2013,WHITE,5 Star Taxi Association Inc,Owner-Operator
471,Livery,7537,ACTIVE,Gasoline,N,BLACK CAR LEASING INC.,3700 S. ASHLAND AVE.,CHICAGO,IL,60609,7537Livery,CHEVROLET,SUBURBAN,2019,BLACK,,
472,Taxi,771,SURRENDER,Hybrid,N,"CHICAGO POLO XI, INC.",2617 S. WABASH AVE.,CHICAGO,IL,60616,771Taxi,FORD,ESCAPE,2012,MAROON/GOLD/STRIPES,Royal 3 Ccc Chicago Taxi Assoc,Chicago Elite Cab Corp.
473,Taxi,1570,VIOLATION,Gasoline,N,AQUARIUS CAB INC.,6500 N. WESTERN AVE.,CHICAGO,IL,60645,1570Taxi,FORD,ESCAPE,2013,GREEN,TAXI TOWN AFFILIA,"Medallion Leasing and Management, Inc."
474,Livery,7720,INACTIVE,Gasoline,N,LIMOZONE INC.,659 W. DIVISION ST.,CHICAGO,IL,60610,7720Livery,GMC,YUKON,2016,BLACK,,
475,Taxi,6969,INACTIVE,Gasoline,N,CITY OF CHICAGO BACP,2350 W. OGDEN AVE.,CHICAGO,IL,60608,6969Taxi,,,,,,
476,Taxi,5032,SURRENDER,Hybrid,N,"FIROZ CAB CO, INC",2601 W. PETERSON AVE.,CHICAGO,IL,60659,5032Taxi,TOYOTA,CAMRY,2014,WHITE,City Service Taxi Association,Owner Manager
477,Livery,9688,ACTIVE,Gasoline,N,TRUPT CORP.,2140  ALMA LN.,LISLE,IL,60532,9688Livery,LINCOLN,CONTINENTAL,2020,BLACK,,
478,Taxi,1365,SURRENDER,Hybrid,N,BACHCHA CORP,4118 W. LAWRENCE AVE.,CHICAGO,IL,60630,1365Taxi,TOYOTA,CAMRY,2013,WHITE,Globe Taxi Association Inc,Owner-Operator
479,Livery,7789,RESERVED,Gasoline,N,ROAD RUNNER CHI LLC,1221 N. DEARBORN ST.,CHICAGO,IL,60610,7789Livery,CHEVROLET,SUBURBAN,2017,BLACK,,
480,Taxi,1952,VIOLATION,Hybrid,N,VALEX CAB CORP,2617 S. WABASH AVE.,CHICAGO,IL,60616,1952Taxi,FORD,ESCAPE,2012,MAROON/BLUE/STRIPES,Chicago Carriage Cab,Chicago Elite Cab Corp.
481,Taxi,1068,VIOLATION,Hybrid,N,ARM TAXI INC.,4020 W. GLENLAKE AVE.,CHICAGO,IL,60646,1068Taxi,TOYOTA,CAMRY,2014,WHITE/BLUE/STRIPES,Blue Ribbon Assn Inc,"Cab Management Group, Inc."
482,Livery,9023,INACTIVE,Gasoline,N,ZHAIDARBEK TUIBAEV,2629 W. FARRAGUT AVE.,CHICAGO,IL,60625,9023Livery,CADILLAC,XTS,2013,BLACK,,
483,Livery,9033,ACTIVE,Gasoline,N,TRANS-OPS SYNDICATE INC.,1221 N. DEARBORN ST.,CHICAGO,IL,60610,9033Livery,CADILLAC,ESCALADE,2019,BLACK,Independent1,
484,Taxi,6856,INACTIVE,Gasoline,N,CITY OF CHICAGO BACP,2350 W. OGDEN AVE.,CHICAGO,IL,60608,6856Taxi,,,,,,
485,Ambulance,817741,ACTIVE,Gasoline,N,"LIFELINE AMBULANCE, LLC",3737  CHASE AVE.,SKOKIE,IL,60076,817741Ambulance,FORD,TRANSIT,2019,WHITE,,
486,Livery,9313,INACTIVE,Gasoline,N,MIHAI T. PREDA,2822 W. ARTHUR AVE.,CHICAGO,IL,60645,9313Livery,LINCOLN,MKS,2014,BLACK,,
487,Livery,7481,ACTIVE,Gasoline,N,DDSSBOS LLC,1836 S. WABASH AVE.,CHICAGO,IL,60616,7481Livery,CADILLAC,ESCALADE ESV,2020,BLACK,,
488,Livery,7134,VIOLATION,Gasoline,N,MQ COACH & LIMOUSINE LLC,5550 N. ELSTON AVE.,CHICAGO,IL,60630,7134Livery,LINCOLN,NAVIGATOR,2017,BLACK,,
489,Taxi,3993,SURRENDER,Hybrid,N,"KADSIA, INC.",2601 W. PETERSON AVE.,CHICAGO,IL,60659,3993Taxi,TOYOTA,CAMRY,2013,WHITE,City Service Taxi Association,Owner Manager
490,Taxi,5539,VIOLATION,Hybrid,N,"TAXI MEDALLION GROUP, LLC SERIES 30",4175 N. ELSTON AVE.,CHICAGO,IL,60618,5539Taxi,TOYOTA,CAMRY,2016,YELLOW,Yellow Cab Association,"M & A Leasing, LLC"
491,Taxi,6511,SURRENDER,Hybrid,N,KEY PROJECT INC.,3800 N. MILWAUKEE AVE.,CHICAGO,IL,60641,6511Taxi,TOYOTA,RAV4,2017,WHITE,DIS-AFFILIATED,Owner Manager
492,Ambulance,817742,ACTIVE,Gasoline,N,"LIFELINE AMBULANCE, LLC",3737  CHASE AVE.,SKOKIE,IL,60076,817742Ambulance,FORD,TRANSIT,2019,WHITE,,
493,Taxi,6673,FORECLOSURE,Hybrid,N,BLESSING AJERE INC.,3800 N. MILWAUKEE AVE.,CHICAGO,IL,60641,6673Taxi,TOYOTA,PRIUS,2016,YELLOW,Yellow Cab Association,Owner Manager
494,Taxi,3648,ACTIVE,Gasoline,Y,KOBE'S CAB INC.,810 W. GRACE ST.,CHICAGO,IL,60613,3648Taxi,TOYOTA,SIENNA,2019,WHITE/BLACK/STRIPES,Independent1,Owner-Operator
495,Taxi,4904,ACTIVE,Hybrid,N,JOLY CAB CO,9696 W. FOSTER AVE.,CHICAGO,IL,60656,4904Taxi,TOYOTA,RAV4,2017,WHITE,Flash Cab Co,Owner-Operator
496,Livery,7766,ACTIVE,Gasoline,N,BELLA  EXECUTIVE TRANSPORTATION INC.,2431 W. 34TH PL.,CHICAGO,IL,60608,7766Livery,CHEVROLET,SUBURBAN,2016,BLACK,,
497,Taxi,6764,ACTIVE,Gasoline,N,MANASSEH INC.,3800 N. MILWAUKEE AVE.,CHICAGO,IL,60641,6764Taxi,TOYOTA,SIENNA,2015,YELLOW,Yellow Cab Association,Owner-Operator
498,Livery,7057,RESERVED,Gasoline,N,JKS LIMOUSINES LLC.,120 W. MADISON ST.,CHICAGO,IL,60602,7057Livery,FORD,EXPEDITION,2018,BLACK,,
499,Livery,8782,ACTIVE,Gasoline,N,MANHA LIMOUSINE INC,5315 W. DEVON AVE.,CHICAGO,IL,60646,8782Livery,CHEVROLET,SUBURBAN,2015,BLACK,,
